5947,9023,5042498.0,360074.04,394497.04,34423.0,1160,399,1547,1017,318,743,619,431,348,535,3066
5930,2199,1472619.0,354337.73,374818.15,20480.420000000042,108,250,82,359,104,732,136,185,157,109,85
5999,7,98.0,371408.42,371577.73,169.30999999999767,0,0,0,0,1,0,0,1,1,3,1
5992,1,8.0,371408.42,371563.73,155.30999999999767,0,0,0,0,0,0,0,1,0,0,0
5994,3,42.0,371408.42,371541.73,133.30999999999767,0,0,0,1,0,1,0,0,1,0,0
5995,1,7.0,371408.42,371527.73,119.30999999999767,0,0,0,1,0,0,0,0,0,0,0
5996,1,15.0,371408.42,371432.73,24.30999999999767,0,0,0,0,0,0,1,0,0,0,0
5993,1,8.0,371408.42,371416.42,8.0,0,0,0,0,0,0,0,0,0,1,0
5997,1,8.0,371408.42,371416.42,8.0,0,0,0,0,1,0,0,0,0,0,0
5998,1,7.0,371408.42,371415.42,7.0,0,0,0,0,1,0,0,0,0,0,0
5991,1,75.0,370924.64,371014.46,89.82000000000698,0,0,0,0,0,0,0,0,1,0,0
5989,159,29730.0,370233.52,370782.73,549.2099999999627,0,17,15,6,64,12,3,7,7,3,25
5990,1,1.0,370371.74,370375.73,3.9899999999906868,0,0,0,1,0,0,0,0,0,0,0
5987,34,4396.0,369127.72,369525.73,398.0100000000093,0,15,2,2,3,0,0,3,2,3,4
5988,1,19.0,369335.06,369357.73,22.669999999983702,0,0,0,0,0,0,0,0,1,0,0
5986,45,4886.0,368851.27,369263.46,412.1900000000023,0,3,2,8,5,0,3,0,17,4,3
5984,1,125.0,368851.27,369068.73,217.45999999996275,0,0,0,0,0,0,0,0,0,1,0
5985,1,1.0,368851.27,368913.99,62.71999999997206,0,0,0,0,0,0,0,0,0,1,0
5975,1,105.0,368574.83,368708.73,133.89999999996508,0,1,0,0,0,0,0,0,0,0,0
5968,1,86.0,368574.83,368666.15,91.32000000000698,0,0,0,0,0,1,0,0,0,0,0
5973,1,59.0,368574.83,368638.15,63.320000000006985,0,0,0,0,0,1,0,0,0,0,0
5976,1,35.0,368574.83,368632.73,57.899999999965075,0,1,0,0,0,0,0,0,0,0,0
5982,1,46.0,368574.83,368629.46,54.63000000000466,0,0,1,0,0,0,0,0,0,0,0
5966,5,58.0,368574.83,368621.73,46.899999999965075,0,1,0,0,0,0,1,2,0,1,0
5979,3,26.0,368574.83,368598.04,23.209999999962747,0,0,0,1,0,0,0,0,0,0,2
5977,1,5.0,368574.83,368597.73,22.899999999965075,0,1,0,0,0,0,0,0,0,0,0
5983,1,6.0,368574.83,368596.73,21.899999999965075,0,0,0,0,0,0,0,0,1,0,0
5980,1,3.0,368574.83,368590.73,15.899999999965075,0,0,0,0,0,0,0,0,1,0,0
5970,1,3.0,368574.83,368587.73,12.899999999965075,0,0,0,0,0,0,0,0,1,0,0
5969,1,7.0,368574.83,368587.73,12.899999999965075,0,0,0,0,0,0,1,0,0,0,0
5978,1,4.0,368574.83,368582.15,7.320000000006985,0,0,0,0,0,1,0,0,0,0,0
5971,1,3.0,368574.83,368580.73,5.899999999965075,0,0,0,0,0,0,1,0,0,0,0
5974,1,4.0,368574.83,368579.15,4.320000000006985,0,0,0,0,0,1,0,0,0,0,0
5967,1,3.0,368574.83,368578.04,3.209999999962747,0,0,0,0,0,0,0,0,0,0,1
5981,1,1.0,368574.83,368577.73,2.8999999999650754,0,0,0,0,0,0,1,0,0,0,0
5972,1,1.0,368574.83,368575.99,1.1599999999743886,0,0,0,0,0,0,0,0,0,1,0
5965,1,1.0,368505.71,368509.15,3.4400000000023283,0,0,0,0,0,1,0,0,0,0,0
5962,285,12268.0,366294.13,366806.73,512.5999999999767,0,92,20,56,14,30,13,10,10,21,19
5964,1,28.0,366570.57,366664.04,93.46999999997206,0,0,0,0,0,0,0,0,0,0,1
5958,500,69056.0,364842.77,366548.73,1705.9599999999627,0,87,26,63,11,25,34,185,10,35,24
5963,1,9.0,366432.35,366449.73,17.380000000004657,0,1,0,0,0,0,0,0,0,0,0
5961,31,657.0,365879.45,366083.73,204.27999999996973,0,3,13,2,1,3,1,6,2,0,0
5942,3001,638477.0,358484.46,365826.73,7342.26999999996,38,136,526,267,184,363,185,111,1005,109,115
5938,1999,654440.0,356963.99,365476.73,8512.73999999999,6,161,105,84,95,115,332,718,78,224,87
5960,187,5839.0,365050.11,365208.73,158.61999999999534,0,10,7,6,10,34,16,75,12,6,11
5956,119,16652.0,364566.32,365042.15,475.8300000000163,0,3,13,5,7,2,5,25,3,16,40
5957,71,4154.0,364566.32,364960.15,393.8300000000163,0,4,8,27,3,2,9,1,4,6,7
5959,7,202.0,364842.77,364919.15,76.38000000000466,0,2,0,0,0,1,3,0,0,0,1
5955,54,1060.0,363667.87,363992.73,324.85999999998603,0,4,6,2,12,4,0,0,4,6,16
5954,337,19551.0,362976.75,363698.15,721.4000000000233,0,45,24,10,34,15,36,129,11,10,23
5953,337,20698.0,362907.63,363666.15,758.5200000000186,0,8,36,30,22,128,14,22,11,13,53
5952,73,2352.0,362562.07,362958.04,395.96999999997206,0,10,4,4,5,3,12,2,3,1,29
5951,1,1.0,361110.72,361122.15,11.430000000051223,0,0,0,0,0,1,0,0,0,0,0
5950,101,1985.0,360488.71,360684.73,196.01999999996042,0,11,9,11,6,14,2,36,1,5,6
5948,637,24395.0,360074.04,360502.46,428.4200000000419,0,56,202,50,40,28,35,107,25,22,72
5949,1,45.0,360143.15,360279.73,136.5799999999581,0,1,0,0,0,0,0,0,0,0,0
5946,3,3.0,359728.48,359741.73,13.25,0,0,0,0,0,0,1,0,1,1,0
5944,161,5252.0,359313.8,359515.15,201.35000000003492,0,17,9,25,8,57,5,12,17,6,5
5945,1,1.0,359313.8,359317.73,3.929999999993015,0,0,0,0,0,0,1,0,0,0,0
5943,1,2.0,359175.58,359178.73,3.1499999999650754,0,1,0,0,0,0,0,0,0,0,0
5941,5,81.0,357931.56,357972.15,40.59000000002561,0,0,0,0,1,1,1,1,1,0,0
5940,169,7257.0,357447.78,357708.99,261.20999999996275,0,11,6,17,6,8,22,8,32,50,9
5939,226,13727.0,357309.55,357691.73,382.179999999993,0,9,5,12,40,19,84,22,8,17,10
5874,1999,1176534.0,344731.15,357370.15,12639.0,82,144,235,63,114,670,68,99,183,339,84
5934,99,2425.0,355097.97,355687.73,589.7600000000093,0,6,5,34,5,9,15,2,12,6,5
5932,5,238.0,355097.97,355633.73,535.7600000000093,0,1,1,0,0,1,0,0,0,0,2
5935,1,54.0,355374.41,355626.73,252.32000000000698,0,0,0,0,0,0,0,0,1,0,0
5937,1,11.0,355581.75,355602.73,20.979999999981374,0,0,0,0,0,0,0,0,1,0,0
5936,1,10.0,355512.64,355577.73,65.0899999999674,0,0,0,0,0,0,0,0,1,0,0
5931,69,4141.0,354890.63,355247.15,356.5200000000186,0,6,6,4,7,4,21,6,2,11,2
5933,1,2.0,355097.97,355111.73,13.760000000009313,0,1,0,0,0,0,0,0,0,0,0
5929,323,8614.0,353923.06,354074.15,151.0900000000256,0,17,30,14,32,15,19,20,107,55,14
5921,27971,78827.0,351780.59,353557.15,1776.5599999999977,7,2428,3208,1063,1957,9553,4701,955,1362,1153,1591
5928,2,132.0,353370.16,353438.16,68.0,0,0,0,0,0,0,0,2,0,0,0
5927,339,12869.0,353024.6,353192.6,168.0,0,35,65,10,9,27,14,10,124,24,21
5926,405,24983.0,352748.16,353051.15,302.9900000000489,0,13,31,38,47,136,72,15,16,22,15
5925,277,5782.0,352609.93,352677.93,68.0,0,8,12,17,12,68,8,27,14,96,15
5924,42,3122.0,352402.59,352522.59,120.0,0,6,1,2,8,2,3,0,1,4,15
5923,379,33164.0,352057.03,352486.59,429.5599999999977,0,10,61,14,46,18,132,27,15,14,42
5922,379,32764.0,351987.92,352396.15,408.2300000000396,0,9,21,22,36,74,18,129,17,22,31
5919,51,9378.0,351435.03,351767.15,332.11999999999534,0,1,15,1,0,9,3,6,8,2,6
5920,6,265.0,351504.14,351551.14,47.0,0,1,0,0,1,0,3,0,0,0,1
5918,7,607.0,351158.58,351249.58,91.0,0,2,1,2,0,0,0,1,0,0,1
5917,8,27.0,351158.58,351167.15,8.570000000006985,0,0,1,0,2,1,1,1,1,0,1
5916,1,1.0,350882.13,350883.13,1.0,0,0,0,1,0,0,0,0,0,0,0
5915,1,5.0,350536.57,350541.57,5.0,0,0,0,0,0,0,0,0,0,0,1
5914,1,12.0,349914.56,349926.56,12.0,0,0,0,1,0,0,0,0,0,0,0
5913,1,82.0,349569.0,349651.0,82.0,0,0,1,0,0,0,0,0,0,0,0
5912,1,85.0,349430.77,349560.15,129.38000000000466,0,0,0,0,0,0,0,0,0,1,0
5911,85,7019.0,349154.33,349325.15,170.82000000000698,0,3,5,24,7,2,13,12,7,4,8
5910,54,2269.0,349154.33,349250.15,95.82000000000698,0,23,3,4,0,4,5,2,9,4,0
5909,1,17.0,347979.42,347996.42,17.0,0,0,0,0,0,0,0,1,0,0,0
5908,1,20.0,347910.31,347930.31,20.0,0,0,0,1,0,0,0,0,0,0,0
5907,13,246.0,347772.08,347840.15,68.07000000000698,0,5,1,0,3,2,1,1,0,0,0
5906,1,2.0,347357.41,347359.41,2.0,0,0,0,1,0,0,0,0,0,0,0
5905,1,2.0,347219.19,347222.15,2.9600000000209548,0,0,0,0,0,1,0,0,0,0,0
5904,1,2.0,347011.85,347014.15,2.300000000046566,0,0,0,0,0,0,0,0,1,0,0
5903,1,2.0,346804.51,346806.51,2.0,0,0,0,0,0,0,1,0,0,0,0
5902,1,15.0,346182.51,346200.15,17.64000000001397,0,1,0,0,0,0,0,0,0,0,0
5901,1,13.0,345975.17,346029.15,53.98000000003958,0,0,1,0,0,0,0,0,0,0,0
5899,1,14.0,345836.95,345889.15,52.20000000001164,0,0,0,0,1,0,0,0,0,0,0
5900,1,11.0,345836.95,345869.15,32.20000000001164,0,0,0,0,0,0,0,0,1,0,0
5898,1,3.0,345629.61,345763.15,133.54000000003725,0,0,0,0,0,0,1,0,0,0,0
5894,281,15568.0,345353.16,345664.15,310.9900000000489,0,85,9,24,26,14,19,19,8,59,18
5890,157,22866.0,345076.71,345634.15,557.4400000000023,0,12,54,27,10,4,4,10,8,7,21
5897,1,3.0,345422.27,345426.15,3.8800000000046566,0,1,0,0,0,0,0,0,0,0,0
5889,1,176.0,345076.71,345393.15,316.4400000000023,0,0,0,0,0,0,1,0,0,0,0
5893,95,3796.0,345145.82,345375.15,229.3300000000163,0,6,5,2,5,3,6,6,5,41,16
5895,1,3.0,345353.16,345359.15,5.990000000048894,0,0,1,0,0,0,0,0,0,0,0
5896,1,3.0,345353.16,345357.15,3.9900000000488944,0,0,0,0,0,0,1,0,0,0,0
5879,3,38.0,344938.49,345215.15,276.6600000000326,0,0,0,0,0,1,0,2,0,0,0
5877,3,48.0,344938.49,345213.15,274.6600000000326,0,1,0,0,1,1,0,0,0,0,0
5882,1,5.0,345007.6,345198.15,190.55000000004657,0,0,0,0,0,0,1,0,0,0,0
5878,1,4.0,344938.49,345195.15,256.6600000000326,0,1,0,0,0,0,0,0,0,0,0
5883,1,3.0,345007.6,345193.15,185.55000000004657,0,0,0,0,0,0,1,0,0,0,0
5888,3,19.0,345076.71,345193.15,116.44000000000233,0,0,0,1,0,1,0,0,0,0,1
5885,1,2.0,345076.71,345190.15,113.44000000000233,0,0,0,0,0,0,1,0,0,0,0
5891,1,2.0,345145.82,345189.15,43.3300000000163,0,0,0,0,0,0,0,1,0,0,0
5881,1,1.0,345007.6,345188.15,180.55000000004657,0,0,0,0,0,0,1,0,0,0,0
5875,1,2.0,344938.49,345187.15,248.6600000000326,0,0,0,0,0,0,0,1,0,0,0
5892,1,6.0,345145.82,345187.15,41.3300000000163,0,0,0,0,0,1,0,0,0,0,0
5884,1,1.0,345007.6,345184.15,176.55000000004657,0,0,0,1,0,0,0,0,0,0,0
5886,3,23.0,345076.71,345183.15,106.44000000000233,0,0,0,0,1,0,0,0,1,0,1
5876,1,5.0,344938.49,345173.15,234.6600000000326,0,0,0,0,1,0,0,0,0,0,0
5880,1,4.0,344938.49,345168.15,229.6600000000326,0,0,0,0,1,0,0,0,0,0,0
5887,1,1.0,345076.71,345164.15,87.44000000000233,0,0,0,0,1,0,0,0,0,0,0
5868,419,26639.0,344040.03,344385.03,345.0,0,22,50,66,29,14,146,35,12,33,12
5872,43,5077.0,344178.25,344330.03,151.78000000002794,0,6,2,1,2,5,4,4,5,12,2
5869,9,878.0,344178.25,344293.25,115.0,0,0,0,2,1,2,0,0,1,0,3
5870,33,1672.0,344178.25,344264.03,85.78000000002794,0,2,0,7,1,1,1,3,0,4,14
5871,23,1132.0,344178.25,344245.25,67.0,0,1,0,0,2,5,2,5,1,6,1
5873,32,1058.0,344178.25,344220.25,42.0,0,7,3,1,1,6,2,4,6,1,1
5866,19,747.0,341137.32,341246.32,109.0,0,1,1,1,2,2,6,1,2,3,0
5867,49,2298.0,341137.32,341222.32,85.0,0,3,8,2,5,3,1,3,2,20,2
5865,33,1479.0,341068.21,341190.21,122.0,0,12,3,1,1,1,3,1,4,3,4
5863,2383,163651.0,337197.93,338988.93,1791.0,0,86,264,810,163,210,81,69,433,134,133
5864,17,501.0,338027.28,338160.28,133.0,0,1,3,0,1,0,6,1,2,1,2
5862,451,58514.0,334779.01,335468.01,689.0,0,19,51,27,12,19,158,97,12,40,16
5861,1,4.0,334157.0,334161.0,4.0,0,0,0,0,0,1,0,0,0,0,0
5860,521,47673.0,333534.99,334103.99,569.0,0,43,31,20,18,53,185,25,19,88,39
5857,267,27786.0,333258.54,333609.54,351.0,0,6,10,17,17,83,17,15,39,26,37
5859,217,6227.0,333258.54,333486.54,228.0,0,29,70,6,13,9,12,47,13,9,9
5858,217,8281.0,333258.54,333398.54,140.0,0,9,41,14,68,17,13,22,21,7,5
5843,1111,912648.0,319436.12,332721.19,13285.070000000007,35,77,45,110,159,57,130,43,373,69,48
5856,99,12461.0,331461.63,331765.19,303.5599999999977,0,3,11,5,11,7,7,5,15,32,3
5855,16309,45682.0,328835.37,329335.37,500.0,4,1111,1870,2714,1311,5700,795,530,730,651,897
5854,425,22200.0,328144.25,328572.25,428.0,0,144,49,17,15,27,36,25,15,79,18
5853,1,3.0,328144.25,328147.25,3.0,0,0,0,0,0,0,0,0,0,1,0
5852,795,116933.0,326831.12,328108.12,1277.0,0,38,28,45,142,76,261,84,36,61,24
5851,241,10595.0,326209.11,326478.11,269.0,0,6,31,27,75,8,11,11,15,13,44
5846,397,7910.0,324204.86,324684.19,479.3300000000163,0,14,10,15,143,22,27,60,18,50,38
5848,5,214.0,324204.86,324644.19,439.3300000000163,0,0,1,0,0,1,1,0,2,0,0
5849,1,2.0,324204.86,324567.19,362.3300000000163,0,0,0,0,0,0,0,0,1,0,0
5850,3,176.0,324204.86,324263.86,59.0,0,0,0,0,2,0,0,0,0,1,0
5847,1,4.0,324204.86,324208.86,4.0,0,0,0,1,0,0,0,0,0,0,0
5845,445,41199.0,323375.51,323944.51,569.0,0,27,30,28,19,15,83,177,12,12,42
5816,4419,1223861.0,308654.64,323282.19,14627.549999999988,106,378,192,229,324,485,744,167,1499,244,157
5844,147,5727.0,321993.27,322174.19,180.9199999999837,0,6,6,10,10,14,5,20,44,9,23
5835,735,448262.0,313907.16,319849.26,5942.100000000035,12,50,251,22,22,37,93,60,36,48,116
5842,143,3637.0,319436.12,319562.19,126.07000000000698,0,48,8,6,12,4,11,21,22,9,2
5833,735,453997.0,313354.26,318768.26,5414.0,0,248,64,40,108,89,33,54,22,30,47
5840,103,9887.0,315704.07,316328.64,624.570000000007,0,17,14,5,4,3,37,5,3,8,7
5839,111,11396.0,315704.07,316179.64,475.570000000007,0,6,13,2,3,11,7,8,2,34,25
5841,111,5620.0,315911.41,316081.19,169.78000000002794,0,3,5,2,8,3,6,37,16,27,4
5827,867,494150.0,310589.77,315886.77,5297.0,31,30,50,42,102,155,72,33,31,68,284
5838,291,8698.0,315358.51,315791.77,433.2600000000093,0,9,15,23,33,10,16,29,105,11,40
5837,455,10080.0,315220.29,315607.52,387.2300000000396,0,39,82,55,18,27,14,22,39,14,145
5836,10,1619.0,314321.83,314731.26,409.429999999993,0,0,0,5,0,0,1,1,0,2,1
5834,287,25023.0,313630.71,314299.64,668.929999999993,0,24,15,13,26,13,87,48,36,13,12
5828,96,5351.0,311073.56,311347.19,273.63000000000466,0,6,39,11,2,5,8,3,4,11,7
5832,32,1996.0,311073.56,311271.19,197.63000000000466,0,2,1,3,2,1,4,3,3,12,1
5831,27,1469.0,311073.56,311225.52,151.96000000002095,0,0,2,0,6,1,6,1,4,1,6
5830,1,3.0,311073.56,311098.77,25.210000000020955,0,0,0,0,0,0,0,0,0,0,1
5829,1,3.0,311073.56,311086.64,13.080000000016298,0,0,0,0,1,0,0,0,0,0,0
5826,1,2.0,310313.33,310318.19,4.85999999998603,0,0,0,0,0,0,0,0,1,0,0
5825,1,2.0,310313.33,310315.33,2.0,0,0,0,0,0,0,0,1,0,0,0
5824,13,2259.0,309345.76,309663.19,317.429999999993,0,1,1,0,0,1,2,1,3,2,2
5815,423,60371.0,308585.52,309358.52,773.0,0,16,47,76,43,17,13,34,27,15,135
5823,29,1374.0,309069.31,309230.64,161.3300000000163,0,9,2,3,1,6,1,1,1,3,2
5814,493,58825.0,308378.19,309070.19,692.0,0,41,16,21,53,33,21,37,163,86,22
5821,31,53.0,308792.86,308854.52,61.660000000032596,0,1,10,0,3,1,1,3,4,2,6
5822,1,1.0,308792.86,308825.64,32.78000000002794,0,0,0,0,0,0,1,0,0,0,0
5820,1,1.0,308792.86,308820.64,27.78000000002794,0,1,0,0,0,0,0,0,0,0,0
5819,1,1.0,308723.75,308734.52,10.770000000018626,0,0,0,0,0,0,0,0,0,0,1
5817,1,4.0,308654.64,308658.64,4.0,0,0,0,0,1,0,0,0,0,0,0
5818,1,1.0,308654.64,308655.64,1.0,0,0,0,0,0,1,0,0,0,0,0
5813,7,568.0,307065.06,307150.06,85.0,0,1,0,0,2,0,0,1,2,1,0
5811,5,3188.0,305060.81,306273.81,1213.0,0,0,1,0,0,0,1,0,2,0,1
5812,1361,58775.0,305544.59,306189.59,645.0,0,78,244,55,87,447,141,129,55,64,61
5805,651,237549.0,302918.33,305620.33,2702.0,0,53,16,76,30,37,23,32,116,205,63
5809,518,820.0,304507.91,304526.33,18.42000000004191,0,24,20,59,46,166,33,88,32,21,29
5807,1,4.0,304507.91,304511.91,4.0,0,0,0,0,0,0,0,0,1,0,0
5810,1,1.0,304507.91,304508.91,1.0,0,0,0,0,0,0,1,0,0,0,0
5808,1,1.0,304507.91,304508.91,1.0,0,0,0,0,0,1,0,0,0,0,0
5806,103,8350.0,303747.68,304149.33,401.6500000000233,0,1,3,17,4,7,6,9,11,39,6
5804,583,16387.0,302572.77,302885.77,313.0,0,113,41,35,20,71,25,31,204,25,18
5803,563,14962.0,299324.5,299510.5,186.0,0,24,24,20,50,19,34,204,92,36,60
5802,13,709.0,299117.17,299183.17,66.0,0,1,0,0,1,5,0,2,3,0,1
5801,1,1.0,297873.15,297874.15,1.0,0,1,0,0,0,0,0,0,0,0,0
5800,23,67.0,297458.48,297461.48,3.0,0,2,5,0,2,0,1,1,3,8,1
5799,9,4315.0,296007.12,296536.12,529.0,0,0,0,1,0,1,0,1,5,0,1
5789,1112,221080.0,293380.86,296284.86,2904.0,0,43,413,32,40,69,117,45,72,102,179
5798,3,54.0,295730.67,295749.67,19.0,0,0,0,0,1,1,0,0,1,0,0
5791,722,75427.0,294210.21,295442.75,1232.539999999979,1,48,24,23,36,263,27,60,74,31,136
5797,368,57211.0,294417.54,295235.75,818.210000000021,0,34,26,5,32,18,61,11,25,39,117
5762,1578,589417.0,288612.13,294665.13,6053.0,133,276,96,80,112,184,112,52,73,527,66
5795,23,1819.0,294348.43,294462.13,113.70000000001164,0,3,0,12,0,3,2,0,0,2,1
5796,7,87.0,294417.54,294443.13,25.59000000002561,0,0,0,1,1,2,0,0,1,2,0
5792,33,3684.0,294210.21,294421.21,211.0,0,1,5,3,3,12,4,1,1,3,0
5775,2226,359852.0,289925.26,294336.26,4411.0,4,69,112,234,85,194,399,729,128,164,112
5794,4,160.0,294210.21,294256.86,46.649999999965075,0,0,1,0,0,1,1,1,0,0,0
5793,1,13.0,294210.21,294227.75,17.539999999979045,0,0,0,0,0,0,0,0,0,0,1
5790,1,3.0,293726.42,293733.26,6.840000000025611,0,0,0,0,0,0,0,1,0,0,0
5787,153,17991.0,293311.75,293672.75,361.0,0,10,8,18,59,7,4,20,10,10,7
5788,103,8227.0,293311.75,293543.26,231.5100000000093,0,9,1,2,22,5,9,30,4,9,12
5786,169,1444.0,292758.85,292880.13,121.28000000002794,0,5,8,13,12,24,23,6,5,8,65
5784,205,22721.0,292275.07,292708.13,433.0599999999977,0,14,21,63,11,12,7,6,16,28,27
5785,49,315.0,292620.63,292638.26,17.630000000004657,0,19,2,4,2,12,2,3,3,0,2
5783,1,1.0,291722.17,291757.13,34.960000000020955,0,0,0,0,0,0,0,0,0,1,0
5780,447,32835.0,291100.16,291617.26,517.1000000000349,0,23,10,161,34,31,10,69,18,54,37
5781,3267,15972.0,291100.16,291377.13,276.97000000003027,0,161,141,127,201,545,1084,122,367,285,234
5782,1,40.0,291100.16,291140.16,40.0,0,0,0,0,1,0,0,0,0,0,0
5779,3,3.0,290892.83,290899.13,6.2999999999883585,0,1,1,0,1,0,0,0,0,0,0
5778,41,4239.0,290339.93,290557.13,217.20000000001164,0,2,1,3,7,3,15,2,3,3,2
5777,1,5.0,290339.93,290351.26,11.330000000016298,0,0,0,0,0,0,0,1,0,0,0
5776,1,5.0,290339.93,290349.13,9.200000000011642,0,0,0,0,0,0,1,0,0,0,0
5772,34,3575.0,289717.92,290011.13,293.21000000002095,0,11,1,3,4,2,4,2,4,2,1
5768,33,3356.0,289717.92,289990.13,272.21000000002095,0,14,5,2,2,1,3,2,2,2,0
5765,108,5128.0,289717.92,289921.13,203.21000000002095,0,3,3,4,22,3,47,5,4,10,7
5767,35,3099.0,289717.92,289862.13,144.21000000002095,0,11,4,1,1,1,0,4,2,1,10
5774,2,25.0,289787.03,289805.13,18.099999999976717,0,0,0,1,1,0,0,0,0,0,0
5773,2,28.0,289787.03,289804.13,17.099999999976717,0,0,1,0,0,0,0,0,0,1,0
5769,4,232.0,289717.92,289789.13,71.21000000002095,0,0,1,0,0,1,0,0,0,2,0
5770,1,45.0,289717.92,289764.13,46.210000000020955,0,1,0,0,0,0,0,0,0,0,0
5766,1,3.0,289717.92,289738.13,20.210000000020955,0,0,0,0,0,1,0,0,0,0,0
5771,1,3.0,289717.92,289728.13,10.210000000020955,0,0,0,0,0,0,0,0,0,1,0
5764,1,1.0,289717.92,289728.13,10.210000000020955,0,0,0,0,1,0,0,0,0,0,0
5763,115,10894.0,289234.14,289525.13,290.9899999999907,0,6,2,36,17,8,9,15,7,7,8
5757,509,98108.0,286607.88,287821.88,1214.0,0,10,50,184,22,12,32,22,16,61,100
5761,247,23075.0,287229.88,287510.88,281.0,0,11,13,8,12,38,9,26,31,79,20
5759,9,679.0,287229.88,287388.88,159.0,0,2,0,1,0,1,1,0,0,0,4
5760,87,3057.0,287229.88,287323.88,94.0,0,16,1,5,1,38,6,3,6,5,6
5758,9,996.0,287160.77,287275.77,115.0,0,0,3,1,2,1,0,0,1,0,1
5756,37,1046.0,284880.07,284924.07,44.0,0,7,6,1,1,1,3,4,1,3,10
5754,1739,190295.0,282599.37,284823.93,2224.5599999999977,0,86,283,91,124,179,64,58,192,591,71
5755,1,5.0,284188.95,284201.37,12.419999999983702,0,0,0,0,0,0,0,0,0,1,0
5750,681,116593.0,282322.93,283726.93,1404.0,0,113,33,22,35,69,24,237,40,58,50
5752,41,733.0,282530.26,282672.93,142.6699999999837,0,1,2,1,10,3,1,14,7,0,2
5753,31,129.0,282530.26,282635.93,105.6699999999837,0,7,1,1,5,1,1,1,3,1,10
5751,1,16.0,282461.15,282478.93,17.779999999969732,0,0,1,0,0,0,0,0,0,0,0
5746,219,24524.0,280664.24,281081.24,417.0,0,13,6,92,12,12,26,27,4,15,12
5747,163,11238.0,280664.24,280861.24,197.0,0,31,3,5,9,12,23,5,11,10,54
5748,55,4522.0,280664.24,280796.24,132.0,0,3,3,9,1,4,13,6,6,3,7
5749,162,6150.0,280664.24,280756.24,92.0,0,60,7,6,13,13,9,28,5,9,12
5740,469,73317.0,278245.31,279345.31,1100.0,0,55,43,158,17,24,22,14,35,26,75
5743,361,29156.0,278521.76,278872.31,350.54999999998836,0,12,45,106,30,29,64,16,10,26,23
5745,3,4.0,278729.1,278731.1,2.0,0,0,0,0,2,0,0,0,0,0,1
5744,3,3.0,278590.87,278591.87,1.0,0,0,0,0,0,1,0,1,1,0,0
5742,61,63.0,278245.31,278247.31,2.0,0,1,5,7,2,5,4,0,5,21,11
5741,1,1.0,278245.31,278246.31,1.0,0,1,0,0,0,0,0,0,0,0,0
5739,295,7854.0,277554.19,277655.19,101.0,0,27,6,10,18,97,15,14,65,18,25
5738,1122,32215.0,276448.4,276820.4,372.0,0,34,194,97,53,66,396,43,69,40,130
5737,1,1.0,275204.38,275205.38,1.0,0,0,0,0,0,0,0,0,0,1,0
5736,1,1.0,271403.21,271404.21,1.0,0,0,0,0,0,0,0,0,0,1,0
5735,103,3503.0,270228.31,270303.31,75.0,0,10,5,6,7,9,41,3,15,4,3
5734,1099,85038.0,269053.4,270009.4,956.0,0,44,111,46,63,45,96,375,212,40,67
5725,3001,854594.0,257926.35,266393.35,8466.99999999997,234,117,323,491,169,109,108,187,221,233,1043
5733,1,5.0,265805.13,265810.13,5.0,0,0,0,0,0,1,0,0,0,0,0
5732,81,1291.0,264215.56,264346.56,131.0,0,3,3,8,10,4,11,2,2,33,5
5731,71,3795.0,264008.22,264155.35,147.13000000000466,0,14,4,2,7,2,12,1,4,8,17
5727,487,173062.0,259515.93,261837.35,2321.420000000013,7,62,24,163,31,84,25,25,34,21,18
5667,3689,2759887.0,238091.18,261715.89,23624.71000000002,985,248,201,443,165,115,605,314,207,1279,112
5730,443,72348.0,259930.61,260978.35,1047.7400000000198,0,74,29,32,20,20,20,19,50,12,167
5728,25,4200.0,259585.05,260043.93,458.88000000000466,0,2,2,7,7,1,0,1,1,3,1
5729,103,3923.0,259723.27,259978.35,255.0800000000163,0,4,8,6,15,14,3,5,36,7,5
5726,97,5109.0,258686.59,258936.89,250.30000000001746,0,23,5,2,7,18,8,7,18,4,5
5724,423,35559.0,257097.01,257805.89,708.8800000000047,0,14,136,17,66,44,28,16,59,26,17
5723,397,25270.0,257027.9,257734.89,706.9900000000198,0,37,38,14,15,67,22,26,17,131,30
5722,139,3759.0,256751.45,256895.89,144.44000000000233,0,8,49,5,9,17,12,7,13,16,3
5721,33,606.0,256682.34,256763.78999999998,81.44999999998254,0,10,5,2,2,2,7,1,0,2,2
5716,913,245044.0,250738.7,256110.84,5372.139999999985,7,105,165,26,28,32,46,320,78,65,48
5720,833,59108.0,254332.53,255418.78999999998,1086.2599999999802,2,290,77,118,26,33,52,102,43,45,47
5392,18211,13934027.0,117628.79,254427.84,136799.05,2918,2993,803,813,2153,998,719,6183,1300,644,1605
5719,1,8.0,253088.51,253096.51,8.0,0,0,1,0,0,0,0,0,0,0,0
5718,1,11.0,251982.71,251993.71,11.0,0,0,0,0,0,0,0,0,0,0,1
5715,745,48025.0,250669.58,251698.89,1029.3100000000268,0,38,69,54,28,118,53,39,74,253,19
5717,1,1.0,251429.82,251473.89,44.070000000006985,0,0,0,1,0,0,0,0,0,0,0
5633,1651,1070065.0,232976.89,250686.89,17710.0,51,72,53,127,253,184,560,100,64,164,74
5714,1,3.0,249702.01,249746.84,44.829999999987194,0,0,0,0,0,0,0,1,0,0,0
5713,74,7012.0,247421.32,247936.89,515.570000000007,0,1,6,16,6,4,25,1,8,4,3
5712,515,65355.0,245347.95,246486.89,1138.9400000000023,0,17,55,15,30,32,94,40,29,164,39
5711,3,20.0,244795.06,244837.89,42.8300000000163,0,0,0,0,0,0,2,0,0,0,1
5705,891,156679.0,242514.36,244834.18,2319.820000000007,0,37,313,40,72,46,46,121,33,133,50
5710,1,1.0,244656.83,244724.89,68.06000000002678,0,0,0,0,0,0,0,0,0,1,0
5708,13,1408.0,243551.04,243911.89,360.8500000000058,0,1,0,0,1,2,0,3,3,3,0
5707,251,14399.0,243274.59,243874.78999999998,600.1999999999825,0,93,36,29,13,16,10,9,22,10,13
5709,113,5183.0,243551.04,243835.89,284.8500000000058,0,4,19,9,8,40,3,11,5,11,3
5706,1,20.0,242929.03,242954.89,25.860000000015134,0,0,0,1,0,0,0,0,0,0,0
5704,45,1172.0,242099.68,242331.84,232.1600000000035,0,3,4,4,1,1,0,15,2,6,9
5703,2580,15019.0,241546.79,242018.89,472.1000000000058,0,288,146,110,112,217,897,441,101,141,127
5701,14,576.0,241408.56,241550.89,142.3300000000163,0,5,2,2,1,0,0,0,1,1,2
5702,1,4.0,241408.56,241458.89,50.3300000000163,0,0,0,0,0,0,0,0,0,1,0
5700,1,17.0,241408.56,241429.89,21.330000000016298,0,0,0,0,0,0,0,0,0,0,1
5699,1,4.0,241408.56,241421.18,12.619999999995343,0,0,1,0,0,0,0,0,0,0,0
5698,1,2.0,240855.67,240902.18,46.50999999998021,0,0,0,0,0,0,0,0,1,0,0
5690,17,714.0,240717.44,240889.84,172.39999999999418,0,1,0,1,0,8,0,4,1,1,1
5696,8,309.0,240786.55,240869.78999999998,83.23999999999069,0,1,0,0,3,1,0,1,1,0,1
5697,3,7.0,240855.67,240865.89,10.220000000001164,0,0,0,1,0,2,0,0,0,0,0
5692,8,243.0,240717.44,240860.78999999998,143.34999999997672,0,4,0,1,0,0,0,1,0,0,2
5695,2,45.0,240786.55,240822.89,36.34000000002561,0,0,0,1,0,0,0,0,1,0,0
5683,405,21499.0,240233.66,240800.89,567.2300000000105,0,54,24,38,81,16,11,16,15,17,133
5694,3,6.0,240717.44,240800.84,83.39999999999418,0,0,0,0,0,0,0,1,0,2,0
5686,3,6.0,240717.44,240798.84,81.39999999999418,0,0,0,2,0,0,0,1,0,0,0
5689,7,142.0,240717.44,240797.89,80.45000000001164,0,0,0,1,2,1,0,0,2,1,0
5687,3,5.0,240717.44,240796.84,79.39999999999418,0,0,0,1,0,0,1,1,0,0,0
5688,3,5.0,240717.44,240772.89,55.45000000001164,0,0,0,1,0,0,0,0,0,0,2
5691,2,44.0,240717.44,240746.89,29.45000000001164,0,0,0,0,0,1,1,0,0,0,0
5685,3,8.0,240717.44,240736.18,18.739999999990687,0,0,1,0,1,0,0,0,1,0,0
5693,3,4.0,240717.44,240734.78999999998,17.349999999976717,0,1,0,0,0,0,0,0,1,1,0
5642,1230,311771.0,233668.01,240463.89,6795.880000000005,40,131,42,70,72,438,194,46,42,95,100
5684,37,570.0,240371.88,240436.18,64.29999999998836,0,2,10,0,3,13,3,0,3,0,3
5656,797,212946.0,235119.36,239855.89,4736.530000000028,28,67,50,34,31,28,129,272,97,40,49
5668,61,10933.0,238644.08,239211.89,567.8100000000268,0,2,3,6,9,12,2,3,3,17,4
5682,3,23.0,239127.86,239145.89,18.03000000002794,0,0,0,0,0,0,0,0,0,3,0
5681,1,1.0,239058.75,239068.89,10.14000000001397,0,0,0,0,0,0,0,0,0,0,1
5677,53,744.0,238920.53,239014.89,94.36000000001513,0,0,6,5,19,2,3,4,3,2,9
5672,153,4616.0,238644.08,239009.89,365.8100000000268,0,6,10,20,44,5,10,24,19,7,8
5680,53,378.0,238920.53,239005.89,85.36000000001513,0,4,2,9,2,4,12,12,3,2,3
5679,25,76.0,238920.53,238992.89,72.36000000001513,0,0,9,4,1,1,0,1,1,5,3
5676,25,53.0,238920.53,238991.89,71.36000000001513,0,3,5,0,0,8,2,1,3,1,2
5674,25,30.0,238920.53,238982.89,62.360000000015134,0,3,11,3,0,1,1,1,0,3,2
5678,1,2.0,238920.53,238925.89,5.360000000015134,0,0,0,0,0,0,0,0,0,1,0
5675,1,3.0,238920.53,238923.89,3.360000000015134,0,0,0,0,1,0,0,0,0,0,0
5669,8,735.0,238644.08,238918.89,274.8100000000268,0,0,0,0,1,3,1,0,1,0,2
5666,637,154891.0,236639.83,238860.89,2221.060000000027,4,31,39,24,61,41,225,47,28,110,31
5673,153,2372.0,238713.19,238853.89,140.70000000001164,0,7,6,3,6,29,58,19,10,6,9
5670,153,326.0,238644.08,238807.89,163.81000000002678,0,9,66,9,10,4,16,5,9,21,4
5671,67,67.0,238644.08,238785.89,141.81000000002678,0,24,3,11,4,3,3,3,5,4,7
5654,797,219601.0,235050.25,238609.89,3559.640000000014,11,37,86,144,28,68,34,31,42,67,260
5660,245,120444.0,235395.81,237411.89,2016.0800000000163,14,13,14,44,14,86,11,31,8,13,11
5657,173,87373.0,235395.81,237038.89,1643.0800000000163,5,6,16,13,14,8,56,5,6,15,34
5662,520,80700.0,235464.92,236905.84,1440.9199999999837,0,38,20,35,29,20,20,160,96,55,47
5664,2893,61124.0,235603.15,236413.89,810.7400000000198,0,103,212,315,250,164,149,501,134,967,98
5665,1,1.0,236225.16,236297.89,72.73000000001048,0,0,0,0,1,0,0,0,0,0,0
5658,25,11588.0,235395.81,236047.84,652.0299999999988,0,4,1,0,0,4,1,1,1,8,5
5659,13,5272.0,235395.81,235947.78999999998,551.9799999999814,0,3,1,0,2,2,0,1,2,1,1
5663,50,1584.0,235464.92,235612.84,147.9199999999837,0,13,5,1,5,2,2,6,4,11,1
5661,1,57.0,235464.92,235528.89,63.970000000001164,0,0,0,0,0,0,1,0,0,0,0
5653,13,1451.0,234912.03,235490.89,578.8600000000151,0,2,1,0,1,0,0,0,4,5,0
5655,206,13446.0,235050.25,235399.84,349.5899999999965,0,27,10,9,12,5,11,75,30,17,10
5651,583,65468.0,234220.9,235316.89,1095.9900000000198,0,19,55,41,31,44,17,21,42,108,205
5638,525,77217.0,233460.67,234651.89,1191.2200000000012,0,37,41,95,22,19,21,69,22,178,21
5652,9,564.0,234497.35,234587.78999999998,90.43999999997322,0,3,1,0,0,0,0,0,1,1,3
5650,23,28.0,234220.9,234239.89,18.99000000001979,0,2,1,6,2,3,4,3,0,2,0
5643,23,38.0,233806.23,233838.89,32.66000000000349,0,3,1,3,1,1,1,0,3,1,9
5635,123,14322.0,233253.34,233835.89,582.5500000000175,0,8,9,26,8,7,11,8,30,13,3
5647,23,34.0,233806.23,233832.89,26.660000000003492,0,2,2,0,2,0,0,10,0,3,4
5648,23,31.0,233806.23,233826.89,20.660000000003492,0,1,3,9,1,0,0,3,1,4,1
5649,9,12.0,233806.23,233825.89,19.660000000003492,0,0,0,0,0,2,2,3,1,0,1
5645,23,27.0,233806.23,233823.89,17.660000000003492,0,1,6,9,0,1,3,1,0,1,1
5644,23,24.0,233806.23,233822.89,16.660000000003492,0,0,0,1,2,3,8,2,3,3,1
5646,23,30.0,233806.23,233821.89,15.660000000003492,0,1,0,2,2,4,1,9,1,3,0
5634,39,2898.0,233253.34,233725.89,472.55000000001746,0,14,1,0,2,3,1,6,3,2,7
5641,62,1547.0,233598.9,233707.84,108.94000000000233,0,5,5,2,3,10,0,9,22,3,3
5640,37,848.0,233598.9,233672.84,73.94000000000233,0,2,5,0,0,14,3,3,4,5,1
5636,345,2736.0,233253.34,233622.89,369.55000000001746,0,24,12,12,39,121,18,13,17,21,68
5639,2,22.0,233598.9,233618.89,19.99000000001979,0,0,0,0,0,0,0,0,0,1,1
5637,1,3.0,233391.56,233477.89,86.3300000000163,0,0,1,0,0,0,0,0,0,0,0
5627,159,33149.0,232285.77,232798.77,513.0,0,7,16,16,54,9,11,3,9,11,23
5632,9,1357.0,232354.88,232697.78999999998,342.9099999999744,0,2,2,2,0,2,0,1,0,0,0
5625,296,17318.0,232285.77,232562.84,277.070000000007,0,13,48,17,21,13,98,17,21,39,9
5626,32,3287.0,232285.77,232461.84,176.07000000000698,0,2,6,1,6,8,3,2,0,2,2
5628,25,1402.0,232285.77,232415.84,130.07000000000698,0,3,9,0,3,0,2,4,1,1,2
5630,66,106.0,232354.88,232393.84,38.95999999999185,0,1,6,26,5,11,2,5,6,1,3
5631,16,19.0,232354.88,232367.78999999998,12.909999999974389,0,1,0,8,0,0,1,0,4,1,1
5624,71,98.0,232285.77,232310.78999999998,25.019999999989523,0,7,9,23,4,13,5,2,3,1,4
5621,62,72.0,232285.77,232306.78999999998,21.019999999989523,0,2,9,3,2,3,4,4,5,20,10
5629,1,16.0,232285.77,232301.77,16.0,0,0,0,0,0,1,0,0,0,0,0
5622,1,6.0,232285.77,232291.77,6.0,0,0,0,0,1,0,0,0,0,0,0
5623,1,1.0,232285.77,232286.77,1.0,0,0,0,0,0,1,0,0,0,0,0
5616,151,1369.0,232078.43,232210.78999999998,132.35999999998603,0,10,13,27,6,11,13,49,2,7,13
5617,153,218.0,232078.43,232160.78999999998,82.35999999998603,0,56,12,3,3,10,13,9,10,4,33
5620,1,1.0,232147.54,232148.54,1.0,0,0,0,1,0,0,0,0,0,0,0
5611,885,152905.0,230005.07,232100.78999999998,2095.719999999972,0,159,83,66,40,29,42,73,25,53,315
5618,67,70.0,232078.43,232089.84,11.410000000003492,0,3,2,0,6,8,23,7,2,5,11
5619,3,28.0,232078.43,232088.43,10.0,0,0,0,0,0,3,0,0,0,0,0
5615,1,5.0,232078.43,232084.43,6.0,0,0,0,0,0,0,1,0,0,0,0
5614,1,132.0,231387.31,231519.31,132.0,0,0,0,0,0,0,1,0,0,0,0
5612,22,542.0,231387.31,231427.78999999998,40.47999999998137,0,3,7,0,3,1,1,2,2,2,1
5613,1,25.0,231387.31,231412.31,25.0,0,0,0,0,0,0,1,0,0,0,0
5610,456,41179.0,230005.07,230525.07,520.0,0,25,32,24,77,46,158,10,42,14,28
5609,341,52483.0,228553.71,229235.71,682.0,0,34,15,18,25,128,56,26,11,13,15
5608,385,24639.0,228277.26,228986.84,709.5799999999872,0,77,15,40,30,12,12,116,35,24,24
5606,99,4211.0,228277.26,228512.78999999998,235.52999999996973,0,8,15,7,9,8,7,1,9,1,34
5604,196,9181.0,228000.82,228429.78999999998,428.96999999997206,0,7,12,10,31,21,10,15,10,21,59
5607,1,2.0,228277.26,228279.26,2.0,0,0,0,0,0,0,0,0,1,0,0
5605,9,423.0,228000.82,228151.78999999998,150.96999999997206,0,1,1,1,1,0,0,2,0,2,1
5603,341,52293.0,226756.8,227389.84,633.0400000000081,0,14,9,22,110,13,42,35,50,23,23
5602,378,60533.0,224476.1,225554.78999999998,1078.6899999999732,0,25,12,60,35,8,140,23,15,34,26
5601,270,24909.0,224476.1,225330.78999999998,854.6899999999732,0,16,20,14,13,37,27,7,9,20,107
5600,1,1.0,224406.99,224431.78999999998,24.79999999998836,0,0,0,0,0,0,0,0,0,0,1
5599,1,2.0,224406.99,224408.99,2.0,0,0,1,0,0,0,0,0,0,0,0
5598,315,51908.0,220951.38,221813.78999999998,862.4099999999744,0,115,28,42,14,14,13,16,29,15,29
5597,3001,87845.0,219707.36,221160.78999999998,1453.429999999993,0,1062,77,276,164,503,213,334,141,104,127
5596,651,103336.0,217634.0,218838.0,1204.0,0,20,120,81,27,46,21,28,224,59,25
5594,13,795.0,217495.78,217622.78999999998,127.00999999998021,0,2,1,0,1,1,1,5,0,1,1
5595,4,119.0,217495.78,217559.78999999998,64.00999999998021,0,0,0,0,1,0,0,3,0,0,0
5593,99,3579.0,215975.31,216128.31,153.0,0,9,5,35,5,2,10,6,20,3,4
5592,891,157667.0,211966.81,214210.78999999998,2243.9799999999814,0,72,100,63,285,34,29,34,52,182,40
5573,1417,1194124.0,198766.4,213704.78999999998,14938.389999999985,63,50,72,164,113,245,76,44,55,108,490
5591,25,7245.0,211897.7,212903.84,1006.1399999999849,0,2,4,0,1,6,4,2,1,4,1
5590,395,33700.0,210653.68,211461.84,808.1600000000035,0,23,14,28,10,32,16,143,52,30,47
5576,901,755135.0,200010.42,210779.78999999998,10769.369999999966,19,319,148,34,71,51,57,30,105,41,45
5589,3,253.0,210377.23,210539.78999999998,162.55999999996857,0,0,0,0,2,0,0,0,0,0,1
5583,3,72.0,208372.98,208417.98,45.0,0,0,0,0,0,1,1,0,1,0,0
5586,1,1.0,208372.98,208383.84,10.85999999998603,0,0,0,0,0,0,0,1,0,0,0
5587,1,2.0,208372.98,208374.98,2.0,0,0,0,0,0,1,0,0,0,0,0
5588,1,1.0,208372.98,208373.98,1.0,0,0,0,0,0,0,0,0,0,1,0
5585,1,1.0,208372.98,208373.98,1.0,0,0,0,0,0,0,0,0,0,1,0
5584,1,1.0,208372.98,208373.98,1.0,0,0,0,0,0,0,0,0,0,1,0
5582,1,1.0,208027.42,208028.42,1.0,0,0,1,0,0,0,0,0,0,0,0
5581,1,1.0,207681.86,207685.78999999998,3.929999999993015,0,0,0,0,1,0,0,0,0,0,0
5580,613,157454.0,205608.5,207410.4,1801.8999999999942,0,31,94,190,26,25,77,36,22,48,64
5579,695,140986.0,200908.87,203188.78999999998,2279.9199999999837,0,243,43,81,101,34,26,37,42,55,33
5578,425,33752.0,200563.31,201386.78999999998,823.4799999999814,0,74,17,31,16,49,27,21,12,25,153
5577,411,40349.0,200494.2,201322.78999999998,828.5899999999674,1,79,17,11,29,18,17,140,46,17,37
5575,123,3907.0,199803.08,200362.4,559.320000000007,0,8,6,6,39,8,9,15,10,6,16
5574,261,5160.0,199457.52,199860.84,403.320000000007,0,9,44,22,13,11,10,81,23,21,27
5570,50,10623.0,196900.37,197446.37,546.0,0,3,6,2,5,6,15,2,2,3,6
5572,31,446.0,197245.93,197335.78999999998,89.85999999998603,0,1,2,5,3,2,2,3,6,3,4
5565,33,2221.0,196693.03,196961.84,268.8099999999977,0,4,2,10,2,4,2,2,0,1,6
5571,1,12.0,196900.37,196931.84,31.470000000001164,0,0,0,0,0,0,0,1,0,0,0
5567,1,5.0,196900.37,196925.78999999998,25.419999999983702,0,1,0,0,0,0,0,0,0,0,0
5568,1,11.0,196900.37,196913.78999999998,13.419999999983702,0,0,0,0,0,0,0,0,0,0,1
5566,1,10.0,196900.37,196910.37,10.0,0,0,0,0,0,0,1,0,0,0,0
5569,1,5.0,196900.37,196909.78999999998,9.419999999983702,0,0,0,0,0,1,0,0,0,0,0
5564,315,7196.0,195449.02,195749.78999999998,300.7699999999895,0,26,29,30,13,25,9,101,10,14,58
5563,565,60618.0,194550.56,195309.56,759.0,0,30,52,205,68,21,33,22,28,90,16
5562,159,16845.0,194205.0,194798.84,593.8399999999965,0,4,5,23,8,9,1,52,6,26,25
5557,341,22534.0,193928.55,194601.84,673.2900000000081,0,33,15,21,36,21,59,101,20,14,21
5560,58,2193.0,194205.0,194312.78999999998,107.78999999997905,0,12,2,3,3,2,23,4,1,5,3
5561,6,417.0,194205.0,194288.0,83.0,0,0,0,0,2,0,0,0,3,1,0
5558,5,44.0,194205.0,194235.78999999998,30.789999999979045,0,0,0,0,0,2,0,2,0,1,0
5559,3,31.0,194205.0,194230.84,25.839999999996508,0,0,1,0,0,0,0,1,1,0,0
5555,263,9875.0,192408.08,192992.78999999998,584.7099999999919,0,21,11,15,94,44,7,16,15,21,19
5556,1599,7455.0,192546.31,192797.78999999998,251.47999999998137,0,110,62,279,522,141,71,79,103,66,166
5553,2484,78344.0,190611.17,192161.78999999998,1550.6199999999662,2,116,288,128,858,444,85,219,167,95,84
5552,471,33199.0,190403.83,191578.78999999998,1174.9599999999919,0,23,63,24,153,29,17,18,83,44,17
5551,2484,91492.0,189989.16,191456.78999999998,1467.6299999999756,0,202,159,89,96,882,121,431,274,140,90
5554,1587,3987.0,191025.84,191147.78999999998,121.94999999998254,0,50,106,73,93,64,140,559,279,165,58
5544,1731,124670.0,186879.12,189006.78999999998,2127.6699999999837,8,202,99,74,266,71,62,131,126,88,612
5550,1,1.0,188814.26,188815.26,1.0,0,0,0,0,0,0,0,0,1,0,0
5549,1,1.0,188745.14,188753.85,8.709999999991851,0,0,0,1,0,0,0,0,0,0,0
5548,345,9343.0,188330.47,188710.85,380.38000000000466,0,20,13,53,15,11,35,44,107,15,32
5547,1,3.0,188330.47,188335.84,5.369999999995343,0,0,0,0,0,0,0,1,0,0,0
5546,6,355.0,187846.69,187918.84,72.14999999999418,0,0,1,0,0,0,0,3,0,0,2
5545,1,64.0,187846.69,187915.78999999998,69.09999999997672,0,1,0,0,0,0,0,0,0,0,0
5543,639,84060.0,186879.12,187849.12,970.0,0,34,33,34,22,24,71,114,219,52,36
5541,126,3657.0,186810.0,187006.78999999998,196.78999999997905,0,15,4,14,6,5,29,6,41,3,3
5542,16,617.0,186810.0,186914.78999999998,104.78999999997905,0,1,1,0,11,0,1,1,0,1,0
5540,89,2121.0,186395.33,186587.78999999998,192.45999999999185,0,31,10,4,2,4,14,5,5,9,5
5539,29,654.0,184252.86,184354.78999999998,101.92999999999302,0,8,1,1,1,3,2,3,0,5,5
5538,1,1.0,184045.52,184046.52,1.0,0,0,0,0,0,0,1,0,0,0,0
5533,101,2953.0,183354.4,183574.78999999998,220.38999999998487,0,3,6,4,21,6,9,31,3,10,8
5534,1,3.0,183492.62,183553.78999999998,61.1699999999837,0,0,0,0,0,1,0,0,0,0,0
5537,1,3.0,183492.62,183550.78999999998,58.1699999999837,0,0,0,0,0,1,0,0,0,0,0
5535,1,4.0,183492.62,183496.62,4.0,0,0,0,0,0,0,1,0,0,0,0
5536,1,3.0,183492.62,183495.62,3.0,0,0,0,0,0,0,0,0,1,0,0
5531,179,2895.0,181833.93,182323.78999999998,489.85999999998603,0,59,13,5,5,22,7,15,4,16,33
5532,99,2829.0,182041.27,182226.84,185.57000000000698,0,4,5,3,6,12,16,37,4,4,8
5469,1999,5742123.0,140021.11,182174.78999999998,42153.67999999999,369,108,133,87,172,678,104,227,75,65,350
5530,15,689.0,180175.24,180300.78999999998,125.54999999998836,0,0,2,0,0,4,2,2,5,0,0
5529,15,679.0,179829.68,180031.78999999998,202.10999999998603,0,2,2,2,1,0,5,0,0,2,1
5527,5,96.0,179691.46,179987.78999999998,296.3299999999872,0,0,1,0,0,2,0,0,0,0,2
5526,1,1.0,179691.46,179960.78999999998,269.3299999999872,0,0,0,0,0,0,0,0,0,0,1
5528,7,225.0,179691.46,179761.84,70.38000000000466,0,1,0,0,0,0,2,2,0,2,0
5525,1,2.0,179691.46,179699.78999999998,8.329999999987194,0,0,0,0,1,0,0,0,0,0,0
5517,687,209445.0,176719.64,179053.78999999998,2334.149999999965,0,28,25,126,27,28,221,73,73,51,35
5524,11,44.0,178793.0,178848.84,55.83999999999651,0,2,0,2,0,0,2,2,3,0,0
5521,23,23.0,178793.0,178840.84,47.83999999999651,0,1,6,2,0,1,2,3,0,6,2
5519,9,9.0,178793.0,178837.84,44.83999999999651,0,2,1,0,1,0,0,1,1,2,1
5522,11,47.0,178793.0,178834.05,41.04999999998836,0,0,1,0,4,1,0,0,3,2,0
5520,11,44.0,178793.0,178826.05,33.04999999998836,0,0,0,0,1,1,0,0,6,2,1
5523,1,4.0,178793.0,178797.0,4.0,0,0,0,0,0,0,1,0,0,0,0
5518,281,10168.0,178240.1,178604.78999999998,364.6899999999732,0,9,16,104,45,14,16,11,22,20,24
5509,16,44.0,176512.3,177833.78999999998,1321.4899999999907,0,0,1,1,0,0,1,8,1,1,3
5506,27,57.0,176512.3,177825.78999999998,1313.4899999999907,0,1,13,1,5,2,1,2,0,0,2
5508,14,40.0,176512.3,176592.78999999998,80.48999999999069,0,1,1,1,1,2,3,2,3,0,0
5505,1,5.0,176512.3,176550.84,38.54000000000815,0,0,0,0,0,0,0,1,0,0,0
5513,1,11.0,176512.3,176548.05,35.75,0,0,0,0,0,0,0,0,1,0,0
5507,1,8.0,176512.3,176545.05,32.75,0,0,0,0,0,0,0,0,1,0,0
5514,1,5.0,176512.3,176537.05,24.75,0,0,0,0,0,0,0,0,1,0,0
5515,1,5.0,176512.3,176534.78999999998,22.489999999990687,0,1,0,0,0,0,0,0,0,0,0
5512,1,4.0,176512.3,176533.78999999998,21.489999999990687,0,1,0,0,0,0,0,0,0,0,0
5516,1,11.0,176512.3,176523.3,11.0,0,0,0,0,0,0,0,0,0,1,0
5511,1,10.0,176512.3,176522.3,10.0,0,0,1,0,0,0,0,0,0,0,0
5510,1,8.0,176512.3,176520.3,8.0,0,0,1,0,0,0,0,0,0,0,0
5504,99,2576.0,175682.96,175881.78999999998,198.8299999999872,0,4,41,10,13,4,2,1,13,7,4
5503,1,1.0,175268.28,175550.78999999998,282.5099999999802,0,0,0,0,0,1,0,0,0,0,0
5495,469,104219.0,170983.33,173180.78999999998,2197.459999999992,23,42,26,31,19,80,150,21,18,25,57
5501,67,6895.0,172572.91,173030.84,457.929999999993,0,3,7,1,1,2,7,23,3,10,10
5502,64,6512.0,172572.91,172897.85,324.9400000000023,0,9,1,5,0,3,23,9,9,2,3
5499,13,1135.0,172572.91,172765.85,192.94000000000233,0,0,0,4,2,1,1,1,2,1,1
5500,13,1120.0,172572.91,172705.78999999998,132.87999999997555,0,2,0,1,0,6,1,2,1,0,0
5493,275,87352.0,170983.33,172553.05,1569.7200000000012,9,26,11,43,24,8,15,19,99,21,9
5498,1,2.0,172089.13,172094.33,5.199999999982538,0,0,0,0,0,0,1,0,0,0,0
5492,205,40398.0,170983.33,171978.84,995.5100000000093,0,9,23,39,8,6,27,63,6,12,12
5490,119,13563.0,170983.33,171725.78999999998,742.4599999999919,0,21,15,9,3,10,1,36,3,8,13
5488,639,18432.0,170223.1,171582.78999999998,1359.6899999999732,0,42,230,43,92,24,23,23,16,80,66
5494,33,1462.0,170983.33,171238.78999999998,255.45999999999185,0,2,0,3,1,13,9,2,1,1,1
5497,1,4.0,170983.33,171004.78999999998,21.45999999999185,0,0,0,0,1,0,0,0,0,0,0
5496,1,3.0,170983.33,170997.78999999998,14.459999999991851,0,0,0,0,0,1,0,0,0,0,0
5491,1,5.0,170983.33,170988.33,5.0,0,0,0,0,0,0,0,0,0,1,0
5489,1,4.0,170983.33,170987.33,4.0,0,0,1,0,0,0,0,0,0,0,0
5486,1,24.0,170153.99,170202.78999999998,48.79999999998836,0,0,0,0,1,0,0,0,0,0,0
5487,1,13.0,170153.99,170193.78999999998,39.79999999998836,0,1,0,0,0,0,0,0,0,0,0
5485,1,2.0,169739.32,169741.32,2.0,0,0,1,0,0,0,0,0,0,0,0
5484,89,11800.0,168771.75,169293.84,522.0899999999965,0,4,7,4,28,3,5,17,3,8,10
5483,323,54655.0,159372.5,160550.78999999998,1178.289999999979,0,121,14,14,11,33,57,18,19,13,23
5482,279,22890.0,155502.22,157246.78999999998,1744.5699999999779,0,84,51,10,23,16,13,10,17,40,15
5480,461,154309.0,152599.52,156098.78999999998,3499.2699999999895,6,17,31,81,45,14,166,15,25,26,41
5481,323,55239.0,152737.74,155024.78999999998,2287.0499999999884,0,20,9,30,10,37,19,17,13,121,47
5479,465,77115.0,150940.82,154270.78999999998,3329.969999999972,0,78,20,29,26,23,17,17,55,42,158
5478,69,3781.0,149074.8,151380.78999999998,2305.9899999999907,0,24,5,11,0,1,8,2,4,4,10
5467,1391,986706.0,139537.33,151131.78999999998,11594.459999999992,47,104,60,57,128,494,217,75,64,148,44
5473,55,24427.0,147761.67,150034.05,2272.3799999999756,3,3,7,0,24,10,3,2,2,3,1
5471,711,27757.0,147623.44,150015.78999999998,2392.3499999999767,0,120,32,46,23,21,65,34,91,33,246
5472,17,4811.0,147761.67,149776.05,2014.3799999999756,0,0,2,1,5,2,0,0,2,5,0
5475,7,2996.0,147761.67,149734.78999999998,1973.1199999999662,2,2,0,2,1,1,1,0,0,0,0
5477,47,9748.0,147761.67,149621.05,1859.3799999999756,0,1,1,1,6,17,9,5,2,3,2
5474,47,9457.0,147761.67,149533.05,1771.3799999999756,0,0,3,7,7,1,2,1,20,5,1
5476,47,1789.0,147761.67,149231.05,1469.3799999999756,0,1,2,1,7,0,10,2,13,7,4
5324,64486,4663711.0,82519.85,148182.85,65663.0,396,5640,3680,21885,4374,2245,2387,3120,7271,11135,2749
5470,321,54872.0,144098.73,146725.05,2626.319999999978,0,28,28,14,16,10,9,118,34,54,10
5468,425,36596.0,140021.11,140800.78999999998,779.679999999993,0,16,12,40,148,22,38,77,25,15,32
5466,1,1.0,139053.54,139075.78999999998,22.249999999970896,0,1,0,0,0,0,0,0,0,0,0
5465,129,139.0,138569.76,138631.05,61.289999999979045,0,7,7,4,3,6,26,12,15,44,5
5462,439,94591.0,136634.62,138494.78999999998,1860.1699999999837,0,170,20,15,64,36,25,16,23,23,47
5464,127,1262.0,137256.63,137421.84,165.20999999999185,0,7,9,12,41,9,11,4,6,6,22
5463,63,80.0,136703.73,136807.78999999998,104.05999999996857,0,6,6,3,4,4,3,10,16,7,4
5460,2,21.0,136219.95,136272.78999999998,52.839999999967404,0,1,0,1,0,0,0,0,0,0,0
5461,1,17.0,136219.95,136237.85,17.89999999999418,0,0,0,1,0,0,0,0,0,0,0
5459,1,2.0,136150.84,136154.78999999998,3.9499999999825377,0,0,0,0,0,0,1,0,0,0,0
5451,1053,230007.0,132833.45,135834.85,3001.399999999994,0,86,180,377,23,127,70,62,54,41,33
5458,326,48631.0,134630.37,135809.05,1178.679999999993,0,12,23,14,36,12,58,21,122,10,18
5456,326,12342.0,134492.15,135146.78999999998,654.6399999999849,0,11,53,13,50,21,8,13,20,24,113
5457,188,12775.0,134561.26,134901.85,340.5899999999965,0,6,25,59,6,8,16,28,5,10,25
5455,45,48.0,134492.15,134567.05,74.89999999999418,0,2,0,1,1,13,13,4,5,3,3
5453,63,2105.0,133179.02,133334.78999999998,155.76999999998952,0,3,2,4,25,6,2,4,9,2,6
5454,45,460.0,133248.13,133307.78999999998,59.65999999997439,0,12,2,4,4,5,4,1,2,4,7
5452,1,2.0,133109.9,133113.78999999998,3.889999999984866,0,0,0,0,1,0,0,0,0,0,0
5450,1,1.0,130414.53,130425.79,11.259999999994761,0,0,0,0,0,0,0,0,0,0,1
5448,751,39186.0,128894.07,129539.79,645.7199999999866,0,36,247,28,61,86,56,21,148,22,46
5444,413,59515.0,128341.17,129284.79,943.6199999999953,0,19,48,144,30,17,67,12,31,28,17
5446,204,24828.0,128617.62,129101.79,484.16999999999825,0,9,12,15,34,7,67,15,15,24,6
5449,1,1.0,128963.18,128998.79,35.61000000000058,0,0,0,0,0,1,0,0,0,0,0
5447,1,1.0,128824.95,128827.05,2.1000000000058208,0,0,0,0,0,0,0,0,1,0,0
5438,1653,348955.0,122743.09,128657.84,5914.75,27,140,286,55,184,85,64,538,86,117,98
5445,35,36.0,128410.28,128448.05,37.770000000004075,0,2,7,0,13,0,0,4,1,5,3
5443,413,58966.0,126267.81,127194.79,926.9799999999959,0,128,14,44,18,43,32,12,25,89,8
5442,891,171976.0,124125.33,126343.05,2217.720000000001,0,40,44,63,87,301,26,32,157,104,37
5424,445,480352.0,120324.16,125893.05,5568.889999999999,21,18,33,7,135,17,32,76,51,27,49
5441,335,19764.0,123572.43,124558.79,986.3600000000006,0,16,19,10,117,40,13,57,22,21,20
5423,782,147710.0,120255.05,123829.05,3574.0,1,56,20,93,46,61,56,137,257,26,30
5437,413,61609.0,122466.64,123666.79,1200.1499999999942,0,18,26,18,24,144,63,23,39,23,35
5440,1,2.0,123226.87,123240.79,13.919999999998254,0,1,0,0,0,0,0,0,0,0,0
5399,380,346093.0,118319.91,123224.79,4904.87999999999,34,31,77,18,10,35,10,15,139,28,17
5439,1,2.0,122812.2,122820.79,8.589999999996508,0,0,0,0,0,0,0,0,0,0,1
5435,1,1.0,121982.86,122456.84,473.9799999999959,0,0,0,0,0,0,0,1,0,0,0
5436,1,3.0,122328.42,122336.79,8.369999999995343,0,0,0,0,1,0,0,0,0,0,0
5430,890,32432.0,121360.85,122291.79,930.9399999999878,0,80,48,36,35,110,148,51,38,52,292
5431,3,24.0,121429.96,121491.79,61.829999999987194,0,0,2,0,0,0,0,0,0,1,0
5433,3,21.0,121429.96,121477.79,47.829999999987194,0,0,1,1,1,0,0,0,0,0,0
5432,2,12.0,121429.96,121470.79,40.829999999987194,0,0,2,0,0,0,0,0,0,0,0
5434,3,25.0,121429.96,121458.79,28.829999999987194,0,0,0,0,2,0,0,0,1,0,0
5429,1,1.0,121153.51,121250.79,97.27999999999884,0,0,0,0,0,0,0,0,0,0,1
5428,2396,19892.0,120807.95,121242.79,434.8399999999965,0,73,93,168,114,206,841,270,405,124,102
5427,1,1.0,120807.95,120833.79,25.839999999996508,0,0,0,0,0,1,0,0,0,0,0
5426,1,4.0,120738.84,120743.85,5.010000000009313,0,0,0,1,0,0,0,0,0,0,0
5425,1,1.0,120738.84,120743.79,4.94999999999709,0,0,1,0,0,0,0,0,0,0,0
5407,600,67991.0,119080.15,120742.79,1662.6399999999994,0,49,190,30,101,28,79,31,40,15,37
5422,180,11824.0,120185.94,120602.79,416.84999999999127,0,9,50,22,18,14,7,8,12,8,32
5415,45,365.0,120185.94,120369.05,183.11000000000058,0,4,5,0,3,2,4,5,6,2,14
5413,19,152.0,120185.94,120352.05,166.11000000000058,0,4,1,3,2,0,3,0,5,0,1
5419,25,175.0,120185.94,120343.79,157.84999999999127,0,1,0,6,2,6,2,4,1,2,1
5420,25,175.0,120185.94,120312.05,126.11000000000058,0,8,1,2,0,1,4,1,1,1,6
5421,4,135.0,120185.94,120301.84,115.89999999999418,0,2,1,0,0,0,0,1,0,0,0
5416,23,69.0,120185.94,120298.05,112.11000000000058,0,10,0,4,0,2,2,3,1,1,0
5414,23,46.0,120185.94,120295.05,109.11000000000058,0,2,4,0,0,4,0,3,5,0,5
5417,19,142.0,120185.94,120271.79,85.84999999999127,0,0,11,1,0,5,0,0,0,0,2
5412,1,7.0,120185.94,120253.79,67.84999999999127,0,0,0,0,0,1,0,0,0,0,0
5418,1,7.0,120185.94,120194.05,8.110000000000582,0,0,0,0,0,0,0,0,0,1,0
5408,250,16195.0,119080.15,119803.79,723.6399999999994,0,9,18,11,13,88,8,28,44,25,6
5400,1780,31698.0,118527.25,119763.05,1235.800000000003,0,310,150,55,91,106,192,78,84,602,112
5386,863,455247.0,114587.86,119610.85,5022.990000000005,0,33,78,281,101,51,34,50,30,50,155
5410,1,1.0,119494.82,119505.79,10.969999999986612,0,0,0,0,0,0,0,0,0,0,1
5411,1,1.0,119494.82,119497.05,2.2299999999959255,0,0,0,0,0,0,0,0,0,1,0
5409,1,1.0,119425.71,119437.79,12.079999999987194,0,0,0,0,0,1,0,0,0,0,0
5405,23,1882.0,118734.59,118992.84,258.25,0,3,0,2,2,0,3,11,0,0,2
5403,11,677.0,118734.59,118961.85,227.2600000000093,0,1,1,1,1,1,2,2,0,2,0
5404,11,402.0,118734.59,118935.85,201.2600000000093,0,4,1,2,0,1,2,1,0,0,0
5406,499,509.0,118803.7,118902.85,99.15000000000873,0,16,64,186,21,29,31,87,19,27,19
5394,1780,34446.0,117974.35,118837.79,863.4399999999878,0,113,584,95,313,208,94,165,62,68,78
5402,1,87.0,118734.59,118835.79,101.19999999999709,0,0,0,0,0,0,0,0,0,0,1
5401,2,69.0,118734.59,118775.79,41.19999999999709,0,0,0,0,0,0,1,0,0,0,1
5395,1788,34514.0,118112.58,118537.79,425.20999999999185,0,57,219,79,167,312,99,105,68,608,74
5398,2,29.0,118250.8,118266.05,15.25,0,0,1,0,0,0,0,0,0,1,0
5396,1,4.0,118250.8,118257.79,6.989999999990687,0,0,0,0,0,0,0,0,0,0,1
5375,1999,1263131.0,105326.84,118255.84,12929.0,33,164,245,68,68,92,186,643,344,111,78
5397,1,2.0,118250.8,118253.05,2.25,0,0,0,0,0,0,0,0,1,0,0
5393,1,4.0,117905.24,117919.84,14.599999999991269,0,0,0,0,0,0,0,1,0,0,0
5391,132,9524.0,117214.12,117463.85,249.73000000001048,0,4,44,23,6,6,11,4,16,6,12
5389,1,1.0,117145.01,117148.05,3.040000000008149,0,0,0,0,0,0,0,0,0,1,0
5390,1,1.0,117145.01,117148.05,3.040000000008149,0,0,0,0,0,0,0,0,0,1,0
5387,31,1360.0,114795.2,115142.86,347.6600000000035,0,3,1,0,1,10,3,2,5,3,3
5388,25,164.0,115071.65,115110.86,39.2100000000064,0,2,1,0,8,2,6,0,2,3,1
5384,950,149431.0,113067.39,114809.39,1742.0,0,44,169,35,116,61,45,82,45,36,317
5385,499,3812.0,113689.4,113798.39,108.99000000000524,0,30,151,24,48,35,85,18,63,28,17
5383,13,764.0,112998.28,113066.85,68.57000000000698,0,2,2,7,0,0,1,0,0,1,0
5326,1999,2122228.0,90605.96,110813.96,20208.0,109,159,95,89,77,684,116,63,234,153,329
5382,499,2811.0,110302.91,110456.96,154.0500000000029,0,44,82,165,18,27,31,23,33,19,57
5381,499,18085.0,109128.0,109385.96,257.9600000000064,0,19,40,56,96,22,48,14,23,155,26
5380,499,4123.0,107469.31,107964.84,495.52999999999884,0,162,66,45,12,25,94,22,15,38,20
5379,1,1.0,107400.2,107411.05,10.85000000000582,0,0,0,0,0,0,0,0,0,1,0
5378,383,11446.0,106709.08,107168.84,459.75999999999476,0,41,24,62,16,30,22,16,25,13,134
5377,499,20071.0,106017.96,106732.84,714.8799999999901,0,188,16,25,29,50,81,42,33,19,16
5376,13,544.0,105672.4,106264.84,592.4400000000023,0,0,0,0,3,0,1,1,2,3,3
5374,499,3287.0,104843.05,105128.96,285.9100000000035,0,34,190,15,42,79,26,23,22,49,19
5372,499,1258.0,104773.94,105035.96,262.0200000000041,0,46,24,13,24,185,21,55,84,15,32
5373,499,3206.0,104773.94,104948.96,175.02000000000407,0,29,13,26,29,37,93,23,27,171,51
5364,695,42106.0,103944.6,104878.05,933.4499999999971,0,38,21,80,110,36,19,40,30,259,62
5371,499,1549.0,104497.49,104618.96,121.47000000000116,0,30,14,35,27,15,38,84,62,173,21
5370,499,3653.0,104359.27,104457.05,97.77999999999884,0,15,17,19,25,32,32,177,54,38,90
5369,499,3756.0,104359.27,104443.05,83.77999999999884,0,16,23,22,57,36,29,22,158,36,100
5367,499,1467.0,104151.93,104260.96,109.03000000001339,0,14,24,34,32,181,29,21,87,24,53
5368,499,992.0,104221.05,104255.05,34.0,0,68,28,26,18,22,21,24,151,96,45
5366,499,3414.0,104082.82,104151.96,69.13999999999942,0,31,171,17,28,19,42,78,20,67,26
5365,499,3891.0,104013.71,104133.96,120.25,0,32,24,56,36,18,16,100,26,173,18
5363,499,4243.0,103737.26,103877.96,140.70000000001164,0,25,52,18,14,34,49,189,78,23,17
5362,499,4080.0,103529.92,103618.96,89.04000000000815,0,22,28,32,168,23,21,42,76,28,59
5359,499,3745.0,103391.7,103593.96,202.2600000000093,0,16,166,42,22,72,61,29,39,30,22
5361,499,1049.0,103460.81,103532.96,72.15000000000873,0,160,21,22,84,28,26,33,38,59,28
5358,499,4217.0,103391.7,103525.96,134.2600000000093,0,179,83,20,27,27,14,15,59,28,47
5357,499,1755.0,103391.7,103467.96,76.26000000000931,0,18,52,14,34,20,172,39,84,22,44
5360,499,1182.0,103391.7,103442.96,51.26000000000931,0,55,45,31,170,24,23,17,81,38,15
5355,499,3529.0,102769.69,103090.96,321.2700000000041,0,19,60,47,71,29,32,22,30,17,172
5354,499,3533.0,102769.69,103069.96,300.2700000000041,0,47,11,43,84,175,43,28,16,26,26
5356,499,918.0,102769.69,102821.96,52.270000000004075,0,24,157,36,93,25,13,18,50,24,59
5353,499,1268.0,102631.47,102707.96,76.49000000000524,0,28,94,173,24,20,25,50,30,34,21
5352,499,1267.0,102631.47,102696.96,65.49000000000524,0,25,23,82,22,28,31,48,49,160,31
5350,499,4286.0,102009.46,102419.96,410.5,0,25,12,39,93,164,39,24,57,25,21
5347,499,3780.0,101940.35,102248.96,308.6100000000006,0,40,18,147,30,59,19,47,86,31,22
5351,499,1615.0,102078.57,102169.96,91.38999999999942,0,20,14,30,22,17,30,190,41,51,84
5348,499,995.0,101940.35,102155.96,215.61000000000058,0,14,23,38,40,175,45,22,21,20,101
5349,499,1694.0,102009.46,102109.96,100.5,0,21,46,57,27,25,166,30,19,17,91
5346,499,926.0,101871.23,101930.96,59.73000000001048,0,172,27,20,34,49,19,89,31,16,42
5345,499,4233.0,101387.45,101596.96,209.5100000000093,0,40,57,34,80,173,18,18,32,21,26
5343,499,1230.0,101318.34,101390.96,72.6200000000099,0,170,50,12,14,41,33,27,52,32,68
5344,499,1189.0,101318.34,101369.96,51.620000000009895,0,170,80,40,16,39,53,18,24,40,19
5342,499,4665.0,101180.11,101354.96,174.85000000000582,0,29,21,56,24,15,89,38,161,39,27
5341,499,1407.0,100972.78,101093.96,121.18000000000757,0,38,27,161,18,23,19,58,32,78,45
5340,499,3823.0,100627.22,100789.96,162.74000000000524,0,91,21,39,24,20,182,23,35,18,46
5336,499,4371.0,100005.21,100288.96,283.75,0,25,25,13,46,74,21,44,29,164,58
5337,499,3426.0,100074.32,100226.96,152.63999999999942,0,72,14,184,40,27,34,44,17,44,23
5339,499,1060.0,100143.43,100189.96,46.53000000001339,0,46,38,23,14,94,12,185,43,15,29
5338,499,1404.0,100074.32,100141.96,67.63999999999942,0,18,173,45,22,59,24,19,20,32,87
5335,499,2551.0,99866.98,99975.96,108.98000000001048,0,176,82,33,48,21,24,47,29,24,15
5333,499,3320.0,99383.2,99647.96,264.7600000000093,0,58,30,20,39,17,177,18,27,25,88
5334,499,846.0,99452.31,99548.96,96.65000000000873,0,53,19,32,64,66,176,32,17,13,27
5332,499,1272.0,99314.09,99384.96,70.8700000000099,0,27,19,46,177,58,21,70,13,46,22
5331,499,1231.0,99175.86,99270.96,95.10000000000582,0,178,38,18,43,24,78,16,26,22,56
5328,499,3873.0,98553.85,98970.05,416.1999999999971,0,40,46,16,88,61,16,25,167,14,26
5330,499,2849.0,98761.19,98870.96,109.77000000000407,0,19,22,34,165,37,26,94,18,62,22
5329,499,959.0,98692.08,98784.96,92.88000000000466,0,24,162,94,29,46,20,21,23,66,14
5327,499,1013.0,98484.74,98681.05,196.30999999999767,0,16,39,33,20,60,33,167,90,23,18
5325,671,32313.0,87565.03,87957.85,392.820000000007,0,28,67,43,48,40,222,59,116,27,21
5323,1111,476974.0,81414.05,86319.05,4905.0,33,41,114,27,83,61,60,60,385,195,85
5313,1581,62860.0,75263.08,81003.08,5740.0,0,86,76,95,269,55,165,60,54,578,143
5322,663,25454.0,77682.0,77970.0,288.0,0,22,43,49,120,224,26,25,80,35,39
5321,379,24248.0,76921.77,77341.77,420.0,0,30,35,10,17,62,14,35,13,145,18
5320,142,16449.0,76507.09,76768.09,261.0,0,19,3,6,18,9,4,9,16,7,51
5314,197,17469.0,75539.52,75812.08,272.5599999999977,0,8,21,34,7,15,8,25,9,61,9
5318,50,2044.0,75539.52,75610.52,71.0,0,1,4,16,4,1,12,3,2,3,4
5319,4,126.0,75539.52,75584.08,44.55999999999767,0,0,0,1,2,0,0,0,0,0,1
5316,6,135.0,75539.52,75569.08,29.55999999999767,0,4,0,0,1,0,0,0,1,0,0
5315,6,130.0,75539.52,75567.52,28.0,0,1,1,1,1,1,0,0,0,1,0
5317,6,123.0,75539.52,75567.08,27.55999999999767,0,0,1,0,1,0,0,0,1,2,1
5099,1999,3986808.0,21908.54,74179.31,52270.77,180,79,125,243,169,93,69,337,131,63,690
5308,1,361.0,73742.61,74103.61,361.0,0,0,0,0,0,0,0,0,0,1,0
5311,1,361.0,73742.61,74103.61,361.0,0,0,0,1,0,0,0,0,0,0,0
5310,1,360.0,73742.61,74102.61,360.0,0,0,0,0,0,0,0,0,1,0,0
5307,1,353.0,73742.61,74095.61,353.0,0,0,0,0,0,0,0,0,0,0,1
5309,1,352.0,73742.61,74094.61,352.0,0,0,0,0,0,0,0,0,0,1,0
5312,1,352.0,73742.61,74094.61,352.0,0,1,0,0,0,0,0,0,0,0,0
5303,35,655.0,72429.48,73042.48,613.0,0,0,11,0,1,13,5,2,0,2,1
5305,5,104.0,72982.38,73007.38,25.0,0,0,1,0,2,1,0,0,0,1,0
5304,1,25.0,72982.38,73007.38,25.0,0,0,0,0,0,1,0,0,0,0,0
5306,1,3.0,72982.38,72985.38,3.0,0,0,1,0,0,0,0,0,0,0,0
5301,351,14419.0,70287.01,71237.31,950.3000000000029,0,68,19,17,10,16,9,43,35,12,122
5302,27,475.0,70632.57,70654.57,22.0,0,2,0,1,3,3,6,8,0,3,1
5300,1015,143966.0,68420.98,70039.98,1619.0,1,39,61,353,178,71,78,56,38,105,36
5299,15,470.0,67798.97,67875.31,76.33999999999651,0,1,2,1,1,0,1,0,1,6,2
5298,211,4141.0,67176.96,67353.31,176.34999999999127,0,9,72,34,11,20,6,11,7,22,19
5296,17,6873.0,66347.62,66849.62,502.0,0,0,5,4,2,0,1,1,3,0,1
5294,18,7146.0,65932.94,66621.58,688.6399999999994,0,1,6,0,3,0,0,1,2,5,0
5297,3,61.0,66416.73,66441.73,25.0,0,0,0,1,0,0,1,0,1,0,0
5276,938,154346.0,63928.69,66426.58,2497.8899999999994,8,72,40,38,33,162,110,51,81,312,39
5295,16,7071.0,65932.94,66410.31,477.36999999999534,0,2,2,0,3,0,5,2,1,0,1
5290,18,7714.0,65587.38,66278.31,690.929999999993,0,0,1,6,0,1,1,1,1,4,3
5293,17,7495.0,65725.61,66256.61,531.0,0,1,4,2,4,1,1,2,0,0,2
5292,18,7418.0,65656.49,66196.16,539.6699999999983,0,2,2,1,0,5,1,3,1,0,3
5288,14,5514.0,65587.38,66163.31,575.929999999993,0,0,0,2,0,5,3,0,1,1,2
5289,19,8504.0,65587.38,66156.31,568.929999999993,0,0,2,2,0,6,1,4,3,0,1
5286,16,6201.0,65587.38,66152.31,564.929999999993,0,0,0,0,2,1,2,8,1,1,1
5291,18,6758.0,65656.49,66149.58,493.0899999999965,0,1,0,3,1,1,1,1,2,8,0
5287,19,7096.0,65587.38,66139.38,552.0,0,0,4,1,2,0,0,4,8,0,0
5285,17,6304.0,65518.27,66015.16,496.8900000000067,0,0,0,0,2,2,9,1,2,0,1
5284,655,23534.0,65449.16,65752.31,303.1499999999942,0,232,64,24,27,91,23,33,48,32,81
5282,823,117913.0,64481.59,65270.31,788.7200000000012,226,74,270,38,41,148,32,17,69,95,39
5279,33,3826.0,63997.8,64658.8,661.0,0,1,8,2,3,1,0,0,6,11,1
5274,19,3681.0,63859.58,64521.31,661.7299999999959,0,4,0,0,2,1,0,0,0,3,9
5283,1,3.0,64481.59,64484.59,3.0,0,0,0,0,0,0,0,0,1,0,0
5281,1,3.0,64481.59,64484.59,3.0,0,0,0,1,0,0,0,0,0,0,0
5277,267,8324.0,63997.8,64272.69,274.8899999999994,0,85,14,34,7,12,12,29,10,43,21
5275,383,18675.0,63859.58,64235.31,375.7299999999959,0,18,24,30,139,9,13,12,39,74,25
5280,1,1.0,64136.03,64168.69,32.66000000000349,0,0,0,0,0,0,1,0,0,0,0
5278,33,488.0,63997.8,64047.31,49.50999999999476,0,1,14,2,3,2,2,2,2,0,5
5273,15,527.0,63444.91,63512.31,67.39999999999418,0,1,0,0,0,0,2,0,7,3,2
5272,1,4.0,62892.01,62896.01,4.0,0,0,0,0,0,0,0,0,1,0,0
5269,1,5.0,62339.11,62344.11,5.0,0,0,0,0,0,1,0,0,0,0,0
5270,7,23.0,62339.11,62343.11,4.0,0,2,1,0,0,0,2,1,0,1,0
5271,1,1.0,62339.11,62340.11,1.0,0,0,0,0,0,0,0,1,0,0,0
5268,647,23502.0,61855.33,62109.33,254.0,0,45,71,29,22,118,205,65,28,39,25
5267,3,58.0,60956.87,61075.31,118.43999999999505,0,0,0,1,0,0,1,0,0,0,1
5266,269,5885.0,59505.52,59975.31,469.7900000000009,0,17,15,82,52,28,22,17,9,10,17
5249,1999,618096.0,53078.09,59568.09,6490.0,30,83,240,154,93,666,114,121,344,97,87
5265,1,19.0,59436.41,59485.31,48.89999999999418,0,0,0,0,0,0,0,0,0,0,1
5263,133,15060.0,57985.05,58560.31,575.2599999999948,0,43,22,10,13,8,11,11,9,3,3
5262,145,13090.0,57985.05,58484.31,499.25999999999476,0,7,5,25,12,6,16,8,9,49,8
5264,80,3887.0,57985.05,58297.31,312.25999999999476,0,0,9,3,4,34,5,2,7,7,9
5229,1614,776493.0,49207.81,57675.81,8468.0,19,47,80,92,544,124,291,110,83,178,65
5261,1,3.0,57155.71,57158.71,3.0,0,0,0,0,0,0,0,0,0,1,0
5256,5,1320.0,55427.9,56954.31,1526.4099999999962,0,0,1,0,0,0,1,2,0,0,1
5253,91,19251.0,55427.9,56903.31,1475.4099999999962,0,18,14,2,4,3,1,1,8,33,7
5258,35,6136.0,55427.9,56732.31,1304.4099999999962,0,0,1,1,0,4,3,2,10,2,12
5260,708,713.0,56464.59,56522.31,57.720000000001164,0,127,20,42,32,52,46,56,86,223,24
5257,111,9637.0,55427.9,56436.31,1008.4099999999962,0,6,4,14,17,3,7,34,4,3,19
5251,34,2287.0,55427.9,55859.31,431.4099999999962,0,1,6,8,5,2,3,6,1,0,2
5254,31,1933.0,55427.9,55781.31,353.4099999999962,0,8,7,2,2,6,2,3,0,0,1
5252,2,90.0,55427.9,55483.9,56.0,0,0,0,0,0,0,1,0,0,1,0
5255,1,2.0,55427.9,55451.09,23.189999999995052,0,0,0,0,0,0,0,0,1,0,0
5259,1,2.0,55427.9,55429.9,2.0,0,0,1,0,0,0,0,0,0,0,0
5250,151,10260.0,53147.2,53665.09,517.8899999999994,0,4,27,11,7,55,5,13,4,19,6
5248,291,6070.0,51903.19,52065.81,162.61999999999534,0,10,12,19,8,27,33,49,107,20,6
5244,22,56.0,51695.85,51732.81,36.95999999999913,0,0,0,11,5,1,1,1,0,1,2
5247,3,20.0,51695.85,51725.31,29.459999999999127,0,1,0,0,0,0,0,0,1,0,1
5245,1,2.0,51695.85,51714.81,18.959999999999127,0,0,0,0,1,0,0,0,0,0,0
5246,1,7.0,51695.85,51702.85,7.0,0,1,0,0,0,0,0,0,0,0,0
5243,1,4.0,51695.85,51699.85,4.0,0,0,0,0,0,0,0,1,0,0,0
5235,1065,25755.0,50382.72,50890.81,508.0899999999965,0,86,78,351,41,49,33,43,141,67,176
5240,10,213.0,50520.94,50571.31,50.36999999999534,0,0,0,0,0,0,3,0,0,1,6
5237,1,27.0,50520.94,50547.94,27.0,0,1,0,0,0,0,0,0,0,0,0
5242,1,6.0,50520.94,50537.31,16.369999999995343,0,0,0,0,0,0,0,0,0,0,1
5241,1,2.0,50520.94,50533.31,12.369999999995343,0,0,0,0,0,0,0,0,0,0,1
5239,1,2.0,50520.94,50532.31,11.369999999995343,0,0,0,0,0,0,0,0,0,0,1
5238,1,5.0,50520.94,50526.81,5.869999999995343,0,0,0,0,0,0,0,0,0,1,0
5236,1,4.0,50520.94,50526.7,5.759999999994761,0,0,0,0,0,1,0,0,0,0,0
5233,139,13963.0,49622.49,50345.31,722.8199999999997,0,11,5,16,9,8,4,21,36,11,18
5234,99,2995.0,50037.16,50302.81,265.6499999999942,0,3,19,1,32,8,10,7,4,9,6
5227,35,3931.0,49138.7,49948.31,809.6100000000006,0,1,5,1,3,6,1,1,13,2,2
5226,19,393.0,49069.59,49779.31,709.7200000000012,0,1,1,2,2,1,0,4,3,0,5
5222,708,748.0,48931.37,49710.31,778.939999999995,0,48,80,35,118,245,24,28,33,22,75
5230,1,1.0,49415.15,49629.31,214.15999999999622,0,0,0,0,0,0,0,0,0,0,1
5232,1,2.0,49484.26,49534.81,50.549999999995634,0,0,1,0,0,0,0,0,0,0,0
5231,1,1.0,49484.26,49518.81,34.549999999995634,0,0,0,1,0,0,0,0,0,0,0
5224,39,2984.0,49069.59,49175.59,106.0,0,18,2,2,1,3,0,2,8,3,0
5228,1,1.0,49138.7,49139.7,1.0,0,0,0,0,0,1,0,0,0,0,0
5223,25,1662.0,49000.48,49089.48,89.0,0,0,0,12,1,2,3,3,2,2,0
5225,1,1.0,49069.59,49070.59,1.0,0,0,0,0,0,0,0,0,1,0,0
5220,535,21201.0,48654.92,48890.92,236.0,0,20,93,27,48,64,178,21,22,26,36
5221,1,4.0,48862.25,48866.25,4.0,0,0,0,0,0,1,0,0,0,0,0
5213,1149,224440.0,44991.98,48802.31,3810.3299999999945,0,41,206,44,63,121,70,92,43,76,393
5218,362,29192.0,48102.02,48529.02,427.0,0,19,25,18,55,40,131,19,19,10,26
5219,12,1019.0,48102.02,48196.02,94.0,0,0,0,2,0,0,3,4,2,1,0
5217,150,3109.0,47825.57,47931.31,105.73999999999796,0,3,11,29,6,5,8,4,56,11,17
5216,51,1861.0,47825.57,47911.31,85.73999999999796,0,0,17,3,2,4,3,6,3,2,11
5160,799,294935.0,39255.67,46964.67,7709.0,15,154,50,25,271,25,39,83,30,82,40
5215,1,2.0,46305.11,46312.54,7.430000000000291,0,0,0,0,0,0,0,1,0,0,0
5214,507,11796.0,45821.32,46033.54,212.22000000000116,0,29,28,80,39,22,22,56,177,16,38
5212,676,753.0,44715.53,44863.31,147.77999999999884,0,34,114,19,42,62,84,30,214,51,26
5211,1,5.0,44715.53,44772.54,57.01000000000204,0,0,0,0,0,0,0,1,0,0,0
5210,219,3626.0,44439.08,44702.54,263.4599999999991,0,9,6,15,46,24,9,10,10,71,19
5208,495,12009.0,42849.5,43210.54,361.0400000000009,0,52,26,181,16,17,40,14,34,82,33
5207,211,13609.0,42503.94,43167.54,663.5999999999985,0,9,13,16,20,66,13,21,38,7,8
5209,1,1.0,42987.73,42988.73,1.0,0,0,0,0,1,0,0,0,0,0,0
5204,127,8028.0,42503.94,42947.54,443.59999999999854,0,13,4,30,24,9,6,2,24,7,8
5203,117,4294.0,42503.94,42908.54,404.59999999999854,0,8,9,7,11,5,5,27,7,33,5
5205,23,697.0,42503.94,42727.31,223.36999999999534,0,1,0,10,1,0,2,0,1,1,7
5206,27,2871.0,42503.94,42703.94,200.0,0,1,1,5,2,1,9,0,6,2,0
5202,1,6.0,42227.49,42233.49,6.0,0,0,0,1,0,0,0,0,0,0,0
5201,1,1.0,41674.6,41675.6,1.0,0,0,0,0,0,0,0,0,1,0,0
5195,257,25474.0,40845.25,41411.54,566.2900000000009,0,85,38,11,11,22,10,23,6,22,29
5197,21,2858.0,40845.25,41273.58,428.33000000000175,0,1,3,9,3,1,0,3,0,1,0
5177,43,6720.0,40568.8,41263.54,694.739999999998,0,2,2,3,0,8,17,4,3,2,2
5185,69,9362.0,40568.8,41251.67,682.8699999999953,0,13,1,5,27,9,2,1,3,3,5
5200,1,1.0,41190.81,41221.58,30.770000000004075,0,0,0,0,1,0,0,0,0,0,0
5196,1,114.0,40845.25,41205.54,360.2900000000009,0,0,0,0,0,0,0,1,0,0,0
5173,503,10427.0,40430.58,41110.54,679.9599999999991,0,89,26,8,51,30,19,188,17,46,29
5199,1,1.0,41052.59,41062.31,9.720000000001164,0,0,0,0,0,0,0,0,0,0,1
5183,55,6458.0,40568.8,40995.31,426.50999999999476,0,2,8,2,4,16,6,1,3,4,9
5198,1,6.0,40983.47,40989.58,6.110000000000582,0,0,0,0,1,0,0,0,0,0,0
5194,6,309.0,40845.25,40900.25,55.0,0,0,4,0,0,0,0,2,0,0,0
5191,5,80.0,40776.14,40814.58,38.44000000000233,0,0,1,1,1,0,1,0,0,0,1
5193,4,61.0,40776.14,40795.54,19.400000000001455,0,1,1,0,0,0,0,2,0,0,0
5174,21,1993.0,40568.8,40788.31,219.50999999999476,0,1,0,2,1,8,3,2,1,2,1
5192,1,2.0,40776.14,40779.54,3.400000000001455,0,0,0,0,0,0,0,1,0,0,0
5181,13,841.0,40568.8,40742.31,173.50999999999476,0,0,4,2,0,1,0,0,0,2,4
5190,1,1.0,40707.03,40709.31,2.279999999998836,0,0,0,0,0,0,0,0,0,0,1
5187,1,1.0,40707.03,40708.03,1.0,0,0,0,0,0,0,0,0,1,0,0
5189,1,1.0,40707.03,40708.03,1.0,0,0,0,0,0,0,1,0,0,0,0
5188,1,1.0,40707.03,40708.03,1.0,0,0,1,0,0,0,0,0,0,0,0
5180,18,856.0,40568.8,40677.31,108.50999999999476,0,5,1,0,5,1,0,1,1,0,4
5179,3,210.0,40568.8,40656.58,87.77999999999884,0,0,0,1,2,0,0,0,0,0,0
5184,3,220.0,40568.8,40642.8,74.0,0,1,0,2,0,0,0,0,0,0,0
5186,1,2.0,40568.8,40570.8,2.0,0,0,0,0,0,0,1,0,0,0,0
5176,1,2.0,40568.8,40570.8,2.0,0,0,0,1,0,0,0,0,0,0,0
5182,1,2.0,40568.8,40570.8,2.0,0,1,0,0,0,0,0,0,0,0,0
5178,1,2.0,40568.8,40570.8,2.0,0,1,0,0,0,0,0,0,0,0,0
5175,1,2.0,40568.8,40570.8,2.0,0,1,0,0,0,0,0,0,0,0,0
5169,1,1.0,40361.47,40362.47,1.0,0,0,0,0,0,0,0,0,1,0,0
5171,1,1.0,40361.47,40362.47,1.0,0,0,0,0,0,0,0,0,1,0,0
5170,1,1.0,40361.47,40362.47,1.0,0,0,1,0,0,0,0,0,0,0,0
5172,1,1.0,40361.47,40362.47,1.0,0,1,0,0,0,0,0,0,0,0,0
5167,1,1.0,40015.91,40082.31,66.39999999999418,0,0,0,0,0,0,0,0,0,0,1
5165,1,1.0,40015.91,40026.54,10.62999999999738,0,0,0,0,0,0,0,1,0,0,0
5166,1,1.0,40015.91,40025.54,9.62999999999738,0,0,0,0,0,0,0,1,0,0,0
5163,1,1.0,40015.91,40016.91,1.0,0,0,0,0,0,0,0,0,0,1,0
5164,1,1.0,40015.91,40016.91,1.0,0,0,0,0,0,0,0,0,1,0,0
5162,1,1.0,40015.91,40016.91,1.0,0,0,0,0,0,0,1,0,0,0,0
5168,1,1.0,40015.91,40016.91,1.0,0,0,1,0,0,0,0,0,0,0,0
5161,1,1.0,39946.79,39947.79,1.0,0,0,0,0,0,0,0,0,1,0,0
5159,99,10967.0,38771.89,39192.31,420.41999999999825,0,2,39,5,13,15,4,5,7,6,3
5157,559,37073.0,38426.33,39133.31,706.9799999999959,0,52,19,27,30,199,17,20,60,91,44
5158,19,1363.0,38771.89,39123.31,351.41999999999825,0,6,0,0,2,5,1,1,2,1,1
5155,343,9258.0,37113.2,37486.31,373.1100000000006,0,22,47,17,67,112,17,18,12,7,24
5156,1,10.0,37320.53,37333.54,13.010000000002037,0,0,0,1,0,0,0,0,0,0,0
5154,500,1330.0,35039.83,35274.979999999996,235.14999999999418,0,11,42,39,94,55,20,19,27,22,171
5023,1999,522434.0,16172.23,35177.31,19005.079999999998,43,79,98,165,80,99,230,76,349,144,679
5152,131,2446.0,34763.39,35134.31,370.91999999999825,0,7,3,6,9,7,16,25,6,6,46
5153,37,1041.0,34832.5,34953.31,120.80999999999767,0,1,1,1,1,2,1,5,2,11,12
5151,1,1.0,34417.83,34431.54,13.709999999999127,0,0,0,0,0,0,0,1,0,0,0
5150,500,3598.0,33795.82,34122.54,326.72000000000116,0,23,14,44,17,100,24,157,49,41,31
5148,500,1368.0,33173.81,33424.979999999996,251.16999999999825,0,14,28,34,15,181,34,53,30,27,84
5149,500,530.0,33242.92,33386.979999999996,144.05999999999767,0,39,33,161,20,23,14,18,59,35,98
5146,173,2848.0,32551.8,33036.54,484.7400000000016,0,12,21,8,3,7,5,62,21,17,17
5144,173,3180.0,32551.8,32936.979999999996,385.17999999999665,0,15,56,11,6,18,10,6,32,9,10
5142,2763,2803.0,32482.69,32887.54,404.8500000000022,0,494,171,107,105,127,246,928,197,299,89
5147,500,500.0,32759.14,32831.979999999996,72.83999999999651,0,179,74,54,44,31,32,11,21,33,21
5143,151,1196.0,32551.8,32690.54,138.7400000000016,0,6,44,25,19,14,3,18,6,8,8
5145,21,168.0,32551.8,32600.54,48.7400000000016,0,0,1,7,0,3,0,5,1,2,2
5141,1239,1285.0,32275.35,32471.98,196.63000000000102,0,214,444,34,49,105,63,68,34,85,143
5140,9,9.0,32275.35,32383.98,108.63000000000102,0,1,3,1,2,0,0,1,1,0,0
5139,18,18.0,32275.35,32356.309999999998,80.95999999999913,0,0,1,2,2,0,3,5,2,1,2
5135,23,9616.0,30754.88,31845.54,1090.6599999999999,0,2,0,2,1,8,1,5,3,0,1
5138,300,24565.0,30824.0,31505.54,681.5400000000009,0,15,16,33,8,31,97,57,17,11,15
5136,1,4.0,30754.88,30804.98,50.099999999998545,0,0,0,1,0,0,0,0,0,0,0
5137,1,4.0,30754.88,30770.54,15.659999999999854,0,0,0,0,0,0,0,1,0,0,0
5134,3,29.0,30616.66,30672.54,55.88000000000102,0,0,0,0,2,0,0,1,0,0,0
5021,1603,680791.0,14789.99,28807.309999999998,14017.319999999998,77,562,77,108,180,56,52,77,134,86,271
5129,953,79810.0,25295.03,26833.309999999998,1538.2799999999988,0,39,96,35,52,38,171,95,57,332,38
5133,3,3.0,26400.82,26708.98,308.15999999999985,0,0,0,1,0,0,0,0,1,0,1
5122,84,9787.0,25225.92,26208.98,983.0600000000013,0,4,4,4,27,1,12,7,8,15,2
5130,532,15360.0,25295.03,26060.98,765.9500000000007,0,181,30,62,28,15,24,39,86,35,32
5132,3,3.0,25847.93,25851.77,3.8400000000001455,0,0,0,0,1,2,0,0,0,0,0
5121,97,4428.0,25225.92,25720.54,494.6200000000026,0,35,16,13,4,3,4,6,4,4,8
5120,67,5663.0,25225.92,25718.98,493.0600000000013,0,12,1,2,1,2,26,4,6,4,9
5131,231,2544.0,25502.36,25677.54,175.1800000000003,0,18,82,5,16,11,12,9,32,10,36
5118,7800,14571.0,24949.47,25668.54,719.0699999999997,0,336,291,406,642,2650,260,544,436,1356,879
5127,15,1044.0,25295.03,25565.98,270.9500000000007,0,4,5,2,1,0,0,1,1,1,0
5123,5,341.0,25225.92,25453.98,228.0600000000013,0,0,1,0,1,0,0,1,2,0,0
5126,15,393.0,25295.03,25394.98,99.95000000000073,0,1,1,1,0,3,1,2,1,4,1
5124,19,493.0,25225.92,25376.98,151.0600000000013,0,1,1,4,1,1,1,0,3,6,1
5128,15,562.0,25295.03,25375.309999999998,80.27999999999884,0,1,0,3,2,6,2,1,0,0,0
5119,1,5.0,25225.92,25284.98,59.06000000000131,0,0,0,0,0,0,1,0,0,0,0
5125,3,3.0,25225.92,25228.98,3.0600000000013097,0,2,0,0,1,0,0,0,0,0,0
5111,5,241.0,24811.24,25020.54,209.29999999999927,0,0,1,1,0,1,0,1,1,0,0
5116,4,166.0,24811.24,24973.54,162.29999999999927,0,0,0,0,0,0,0,1,1,1,1
5115,4,155.0,24811.24,24938.54,127.29999999999927,0,0,1,0,1,0,1,1,0,0,0
5112,1,18.0,24811.24,24844.309999999998,33.06999999999607,0,0,0,0,0,0,0,0,0,0,1
5114,1,3.0,24811.24,24818.54,7.299999999999272,0,0,0,0,1,0,0,0,0,0,0
5113,1,3.0,24811.24,24818.309999999998,7.069999999996071,0,0,0,0,0,0,0,0,0,1,0
5117,1,1.0,24811.24,24815.54,4.299999999999272,0,0,0,0,1,0,0,0,0,0,0
5108,1,9.0,24742.13,24770.54,28.409999999999854,0,0,1,0,0,0,0,0,0,0,0
5109,1,1.0,24742.13,24761.54,19.409999999999854,0,0,1,0,0,0,0,0,0,0,0
5110,1,1.0,24742.13,24760.54,18.409999999999854,0,0,1,0,0,0,0,0,0,0,0
5027,993,319364.0,16379.57,24402.309999999998,8022.739999999998,24,40,29,51,108,181,92,71,38,39,344
5107,77,88.0,23981.9,24141.54,159.63999999999942,0,2,12,27,4,4,8,1,3,5,11
5106,1,1.0,23705.45,23725.54,20.090000000000146,0,0,1,0,0,0,0,0,0,0,0
5102,77,201.0,23359.89,23656.54,296.65000000000146,0,6,4,1,9,3,2,16,10,21,5
5103,1,1.0,23359.89,23640.54,280.65000000000146,0,0,0,0,1,0,0,0,0,0,0
5105,1,1.0,23359.89,23384.309999999998,24.419999999998254,0,0,0,0,0,0,0,0,0,0,1
5104,1,1.0,23359.89,23367.98,8.090000000000146,0,1,0,0,0,0,0,0,0,0,0
5101,1,1.0,22945.22,23000.98,55.7599999999984,0,0,0,0,0,0,0,0,1,0,0
5100,1,4.0,22945.22,22950.309999999998,5.0899999999965075,0,0,0,0,0,0,0,0,0,1,0
5098,175,6886.0,21424.75,21789.98,365.22999999999956,0,23,7,7,62,12,28,13,8,8,7
5024,852,197997.0,16310.46,21707.309999999998,5396.8499999999985,51,135,96,33,50,48,59,36,40,279,76
5096,216,31240.0,20802.74,21314.309999999998,511.56999999999607,0,19,11,10,13,33,8,12,32,61,17
5097,1,265.0,20802.74,21067.74,265.0,0,0,0,0,0,0,0,1,0,0,0
5095,1,1.0,20664.52,20665.52,1.0,0,0,0,0,0,0,0,1,0,0,0
5028,982,280915.0,16379.57,20643.98,4264.41,10,353,88,177,39,53,33,43,99,52,45
5020,1133,409933.0,14651.77,20486.309999999998,5834.539999999997,65,103,58,62,22,125,391,44,55,87,186
5094,1,1.0,20457.18,20466.309999999998,9.12999999999738,0,0,0,0,0,0,0,0,0,0,1
5091,368,12374.0,19489.61,19847.98,358.369999999999,0,39,16,24,65,20,21,11,117,35,20
5088,85,4218.0,19420.5,19648.98,228.47999999999956,0,7,8,4,15,1,2,8,26,6,8
5092,1,41.0,19558.72,19606.98,48.2599999999984,0,1,0,0,0,0,0,0,0,0,0
5093,1,11.0,19558.72,19569.72,11.0,0,0,1,0,0,0,0,0,0,0,0
5090,1,51.0,19489.61,19543.309999999998,53.69999999999709,0,0,0,0,0,0,0,0,0,0,1
5089,1,46.0,19489.61,19541.98,52.36999999999898,0,0,0,0,0,0,0,0,1,0,0
5025,737,173572.0,16310.46,18800.309999999998,2489.8499999999985,1,32,68,74,20,20,43,122,56,266,36
5087,243,5174.0,18245.59,18446.77,201.1800000000003,0,10,8,16,9,9,12,88,27,28,36
5017,1119,332081.0,14167.98,18311.309999999998,4143.329999999998,9,73,46,93,55,35,52,57,192,115,401
5079,227,5896.0,17900.03,18141.98,241.95000000000073,0,67,20,11,29,10,9,17,43,14,7
5074,27,702.0,17900.03,18112.77,212.7400000000016,0,1,1,3,4,9,2,3,0,3,1
5085,27,702.0,17900.03,18098.77,198.7400000000016,0,1,0,0,3,2,1,2,4,12,2
5042,27,694.0,17900.03,18096.98,196.95000000000073,0,6,2,7,3,1,1,2,5,0,0
5081,27,675.0,17900.03,18096.77,196.7400000000016,0,11,0,2,1,2,1,3,1,3,3
5035,19,482.0,17900.03,18094.77,194.7400000000016,0,1,1,1,1,6,2,1,3,3,0
5078,9,225.0,17900.03,18090.98,190.95000000000073,0,0,1,0,0,3,0,1,1,0,3
5041,19,475.0,17900.03,18074.77,174.7400000000016,0,1,1,0,1,2,0,1,2,9,2
5059,27,675.0,17900.03,18071.98,171.95000000000073,0,3,0,1,1,6,0,0,4,2,10
5048,9,225.0,17900.03,18066.77,166.7400000000016,0,0,1,0,5,1,0,0,0,2,0
5044,9,225.0,17900.03,18066.77,166.7400000000016,0,0,3,0,1,3,0,0,0,0,2
5031,27,675.0,17900.03,18047.77,147.7400000000016,0,3,1,4,2,4,8,0,1,2,2
5057,9,198.0,17900.03,18041.77,141.7400000000016,0,0,2,0,0,2,1,0,1,0,3
5076,9,225.0,17900.03,18025.98,125.95000000000073,0,0,5,2,0,0,0,0,2,0,0
5058,63,450.0,17900.03,18024.77,124.7400000000016,0,2,2,4,4,3,7,24,5,8,4
5055,49,344.0,17900.03,18021.77,121.7400000000016,0,3,2,4,23,2,8,1,1,3,2
5051,9,198.0,17900.03,18020.98,120.95000000000073,0,0,1,1,1,0,0,2,1,2,1
5037,9,198.0,17900.03,18020.98,120.95000000000073,0,1,2,1,1,0,0,0,1,2,1
5063,49,343.0,17900.03,18018.98,118.95000000000073,0,8,17,4,1,5,1,1,7,2,3
5077,9,90.0,17900.03,18015.77,115.7400000000016,0,1,0,2,1,1,1,2,1,0,0
5046,11,77.0,17900.03,18011.98,111.95000000000073,0,0,1,0,2,1,0,3,3,1,0
5069,9,198.0,17900.03,18009.98,109.95000000000073,0,1,0,1,2,0,2,3,0,0,0
5080,63,415.0,17900.03,18007.98,107.95000000000073,0,9,5,0,5,17,10,4,7,2,4
5083,9,93.0,17900.03,17994.98,94.95000000000073,0,0,2,3,0,0,0,1,1,1,1
5045,9,90.0,17900.03,17991.98,91.95000000000073,0,0,1,0,1,0,1,0,2,0,4
5056,9,142.0,17900.03,17991.309999999998,91.27999999999884,0,0,0,0,1,0,2,0,0,3,3
5038,11,77.0,17900.03,17981.98,81.95000000000073,0,0,0,1,0,0,0,5,4,0,1
5071,3,21.0,17900.03,17977.98,77.95000000000073,0,1,0,0,1,0,1,0,0,0,0
5034,3,16.0,17900.03,17960.98,60.95000000000073,0,0,0,0,1,0,0,0,1,0,1
5064,5,24.0,17900.03,17958.77,58.7400000000016,0,0,0,0,1,1,2,0,0,0,1
5050,3,18.0,17900.03,17957.98,57.95000000000073,0,1,0,1,0,0,0,0,0,0,1
5062,5,24.0,17900.03,17956.98,56.95000000000073,0,1,0,0,1,1,1,0,1,0,0
5052,3,16.0,17900.03,17955.98,55.95000000000073,0,1,0,0,0,0,0,1,0,0,1
5086,1,4.0,17900.03,17951.98,51.95000000000073,0,0,0,0,0,0,0,0,1,0,0
5066,5,21.0,17900.03,17951.98,51.95000000000073,0,1,0,0,0,2,0,1,0,0,1
5070,3,14.0,17900.03,17951.98,51.95000000000073,0,1,1,0,0,0,0,1,0,0,0
5033,3,21.0,17900.03,17951.309999999998,51.279999999998836,0,0,0,0,1,0,1,0,0,0,1
5073,5,20.0,17900.03,17947.98,47.95000000000073,0,1,0,0,0,0,0,3,1,0,0
5039,3,14.0,17900.03,17947.98,47.95000000000073,0,2,0,0,0,0,0,1,0,0,0
5036,5,20.0,17900.03,17943.98,43.95000000000073,0,1,0,0,2,0,0,0,1,1,0
5043,3,12.0,17900.03,17942.98,42.95000000000073,0,0,0,0,0,1,2,0,0,0,0
5075,5,22.0,17900.03,17942.98,42.95000000000073,0,2,0,0,1,0,2,0,0,0,0
5032,1,4.0,17900.03,17939.98,39.95000000000073,0,0,0,0,0,0,0,0,1,0,0
5047,5,22.0,17900.03,17938.98,38.95000000000073,0,1,0,0,1,0,0,3,0,0,0
5040,3,10.0,17900.03,17935.98,35.95000000000073,0,2,0,0,0,0,0,0,1,0,0
5060,1,4.0,17900.03,17933.98,33.95000000000073,0,1,0,0,0,0,0,0,0,0,0
5049,1,4.0,17900.03,17930.98,30.950000000000728,0,1,0,0,0,0,0,0,0,0,0
5067,3,12.0,17900.03,17927.23,27.200000000000728,0,0,0,0,0,0,0,2,0,0,1
5053,5,20.0,17900.03,17923.23,23.200000000000728,0,0,0,1,0,0,3,1,0,0,0
5065,3,13.0,17900.03,17919.309999999998,19.279999999998836,0,0,0,0,1,0,0,0,0,0,2
5084,3,11.0,17900.03,17919.23,19.200000000000728,0,0,0,0,0,0,0,2,0,1,0
5068,1,4.0,17900.03,17914.309999999998,14.279999999998836,0,0,0,0,1,0,0,0,0,0,0
5061,1,3.0,17900.03,17912.23,12.200000000000728,0,0,0,0,0,0,0,1,0,0,0
5072,1,4.0,17900.03,17909.309999999998,9.279999999998836,0,0,0,0,0,0,0,0,0,0,1
5054,1,4.0,17900.03,17908.98,8.950000000000728,0,0,0,1,0,0,0,0,0,0,0
5082,1,4.0,17900.03,17907.98,7.950000000000728,0,0,1,0,0,0,0,0,0,0,0
5030,3,511.0,17416.25,17617.77,201.52000000000044,0,0,2,0,0,1,0,0,0,0,0
5029,2,329.0,17001.58,17202.77,201.1899999999987,0,0,0,0,0,2,0,0,0,0,0
5026,498,49934.0,16310.46,17152.98,842.5200000000004,0,39,28,161,80,59,28,27,18,27,31
5022,276,13591.0,15757.56,16104.31,346.75,0,37,9,41,9,14,13,10,23,19,101
5016,913,153982.0,13753.31,15551.31,1798.0,0,50,42,37,318,38,79,64,38,146,101
5018,83,4809.0,14651.77,14914.31,262.53999999999905,0,2,13,5,11,6,3,3,9,5,26
5019,11,330.0,14651.77,14748.98,97.20999999999913,0,0,4,1,0,4,1,0,1,0,0
5015,1,10.0,13753.31,13763.31,10.0,0,0,0,1,0,0,0,0,0,0,0
5014,1,53.0,12371.07,12424.07,53.0,0,0,0,0,0,0,0,0,1,0,0
5011,1,11.0,9952.14,9963.14,11.0,0,0,0,0,0,0,0,0,0,0,1
5012,1,11.0,9952.14,9963.14,11.0,0,0,0,0,0,0,0,0,0,0,1
5009,1,10.0,9952.14,9962.14,10.0,0,0,0,0,0,1,0,0,0,0,0
5013,1,4.0,9952.14,9956.14,4.0,0,0,0,0,0,0,0,0,1,0,0
5010,1,4.0,9952.14,9956.14,4.0,0,0,1,0,0,0,0,0,0,0,0
5008,13,1428.0,8293.45,8771.45,478.0,0,1,0,2,0,1,1,3,1,2,2
5005,1,13.0,6081.86,6094.86,13.0,0,0,0,0,0,0,0,0,0,0,1
5004,21,142.0,6081.86,6094.86,13.0,0,10,1,1,0,1,3,0,1,2,2
5007,1,2.0,6081.86,6083.86,2.0,0,0,0,0,0,0,0,0,0,0,1
5006,20,23.0,6081.86,6083.86,2.0,0,3,7,2,1,1,1,2,1,1,1
5003,1,1.0,2557.15,2558.15,1.0,0,0,0,0,0,0,1,0,0,0,0
5002,5,313.0,2418.92,2482.92,64.0,0,1,0,1,1,1,0,0,1,0,0
5001,235,8364.0,2142.48,2367.48,225.0,0,13,78,13,42,16,10,24,21,7,11
5000,169,259.0,0.0,8.0,8.0,0,5,58,9,17,22,7,6,26,7,12
